ResponseId,I16,I16-Timing_First Click,I16-Timing_Last Click,I16-Timing_Page Submit,I16-Timing_Click Count,I8,I8-Timing_First Click,I8-Timing_Last Click,I8-Timing_Page Submit,I8-Timing_Click Count,I24,I24-Timing_First Click,I24-Timing_Last Click,I24-Timing_Page Submit,I24-Timing_Click Count,I4,I4-Timing_First Click,I4-Timing_Last Click,I4-Timing_Page Submit,I4-Timing_Click Count,I20,I20-Timing_First Click,I20-Timing_Last Click,I20-Timing_Page Submit,I20-Timing_Click Count,I28,I28-Timing_First Click,I28-Timing_Last Click,I28-Timing_Page Submit,I28-Timing_Click Count,I12,I12-Timing_First Click,I12-Timing_Last Click,I12-Timing_Page Submit,I12-Timing_Click Count,I2,I2-Timing_First Click,I2-Timing_Last Click,I2-Timing_Page Submit,I2-Timing_Click Count,I10,I10-Timing_First Click,I10-Timing_Last Click,I10-Timing_Page Submit,I10-Timing_Click Count,I22,I22-Timing_First Click,I22-Timing_Last Click,I22-Timing_Page Submit,I22-Timing_Click Count,I18,I18-Timing_First Click,I18-Timing_Last Click,I18-Timing_Page Submit,I18-Timing_Click Count,I26,I26-Timing_First Click,I26-Timing_Last Click,I26-Timing_Page Submit,I26-Timing_Click Count,I30,I30-Timing_First Click,I30-Timing_Last Click,I30-Timing_Page Submit,I30-Timing_Click Count,I14,I14-Timing_First Click,I14-Timing_Last Click,I14-Timing_Page Submit,I14-Timing_Click Count,I6,I6-Timing_First Click,I6-Timing_Last Click,I6-Timing_Page Submit,I6-Timing_Click Count,I1,I1-Timing_First Click,I1-Timing_Last Click,I1-Timing_Page Submit,I1-Timing_Click Count,I5,I5-Timing_First Click,I5-Timing_Last Click,I5-Timing_Page Submit,I5-Timing_Click Count,I9,I9-Timing_First Click,I9-Timing_Last Click,I9-Timing_Page Submit,I9-Timing_Click Count,I13,I13-Timing_First Click,I13-Timing_Last Click,I13-Timing_Page Submit,I13-Timing_Click Count,I17,I17-Timing_First Click,I17-Timing_Last Click,I17-Timing_Page Submit,I17-Timing_Click Count,I19,I19-Timing_First Click,I19-Timing_Last Click,I19-Timing_Page Submit,I19-Timing_Click Count,I21,I21-Timing_First Click,I21-Timing_Last Click,I21-Timing_Page Submit,I21-Timing_Click Count,I23,I23-Timing_First Click,I23-Timing_Last Click,I23-Timing_Page Submit,I23-Timing_Click Count,I25,I25-Timing_First Click,I25-Timing_Last Click,I25-Timing_Page Submit,I25-Timing_Click Count,I29,I29-Timing_First Click,I29-Timing_Last Click,I29-Timing_Page Submit,I29-Timing_Click Count,I31,I31-Timing_First Click,I31-Timing_Last Click,I31-Timing_Page Submit,I31-Timing_Click Count,I27,I27-Timing_First Click,I27-Timing_Last Click,I27-Timing_Page Submit,I27-Timing_Click Count,I15,I15-Timing_First Click,I15-Timing_Last Click,I15-Timing_Page Submit,I15-Timing_Click Count,I11,I11-Timing_First Click,I11-Timing_Last Click,I11-Timing_Page Submit,I11-Timing_Click Count,I7,I7-Timing_First Click,I7-Timing_Last Click,I7-Timing_Page Submit,I7-Timing_Click Count,I3,I3-Timing_First Click,I3-Timing_Last Click,I3-Timing_Page Submit,I3-Timing_Click Count,Attend-SS,Attend-SS-Timing_First Click,Attend-SS-Timing_Last Click,Attend-SS-Timing_Page Submit,Attend-SS-Timing_Click Count,Attend-LL,Attend-LL-Timing_First Click,Attend-LL-Timing_Last Click,Attend-LL-Timing_Page Submit,Attend-LL-Timing_Click Count
R_1di77o084k9mYvU,${e://Field/Currency}$e{ e://Field/Amount / 2 } ${e://Field/Commodity} for sure,4.37,11.629,16.194,2,${e://Field/Currency}${e://Field/Amount} ${e://Field/Commodity} with an 92% chance,4.007,4.007,4.883,1,,,,,,,,,,,,,,,,,,,,,${e://Field/Currency}${e://Field/Amount} ${e://Field/Commodity} with a 77% chance,0.878,0.878,3.001,1,,,,,,,,,,,,,,,,,,,,,,,,,,,,,,,${e://Field/Currency}${e://Field/Amount} ${e://Field/Commodity} with a 65% chance,28.052,28.052,28.946,1,,,,,,,,,,,,,,,,,,,,,,,,,,,,,,,,,,,,,,,,,,,,,,,,,,,,,,,,,,,,,,,,,,${e://Field/Currency}${e://Field/Amount} ${e://Field/Commodity} with a 58% chance,2.322,2.322,3.18,1,,,,,,,,,,,,,,,,,,,,,,,,,
R_2ttzavjRjINsojw,${e://Field/Currency}$e{ e://Field/Amount / 2 } ${e://Field/Commodity} for sure,0.839,4.777,7.377,2,${e://Field/Currency}$e{ e://Field/Amount / 2 } ${e://Field/Commodity} for sure,1.133,1.133,4.185,1,,,,,,${e://Field/Currency}${e://Field/Amount} ${e://Field/Commodity} with a 97.5% chance,0.595,0.595,2.707,1,,,,,,,,,,,,,,,,,,,,,,,,,,,,,,,,,,,,,,,,,,,,,,,,,,,${e://Field/Currency}$e{ e://Field/Amount / 2 } ${e://Field/Commodity} for sure,0.598,1.558,3.045,2,,,,,,${e://Field/Currency}${e://Field/Amount} ${e://Field/Commodity} with a 97% chance,0.696,0.696,3.134,1,,,,,,,,,,,,,,,,,,,,,,,,,,,,,,,,,,,,,,,,,,,,,,,,,,,,,,,,,,,,,,,,,,,,,,,,,,,,,,,,
R_29mLKb5IDOOJzKG,${e://Field/Currency}$e{ e://Field/Amount / 2 } ${e://Field/Commodity} for sure,4.162,4.162,4.85,1,${e://Field/Currency}${e://Field/Amount} ${e://Field/Commodity} with an 92% chance,17.107,17.107,18.213,1,,,,,,,,,,,,,,,,,,,,,${e://Field/Currency}$e{ e://Field/Amount / 2 } ${e://Field/Commodity} for sure,2.002,2.002,2.925,1,,,,,,${e://Field/Currency}$e{ e://Field/Amount / 2 } ${e://Field/Commodity} for sure,1.934,1.934,2.873,1,,,,,,,,,,,,,,,,,,,,,,,,,,,,,,,,,,,,,,,,,${e://Field/Currency}${e://Field/Amount} ${e://Field/Commodity} with a 90% chance,1.818,1.818,2.874,1,,,,,,,,,,,,,,,,,,,,,,,,,,,,,,,,,,,,,,,,,,,,,,,,,,,,,,,,,,,,,,,,,,,,,,,,,,,
R_2TpWaz6YSzWG7EV,${e://Field/Currency}${e://Field/Amount} ${e://Field/Commodity} with a 50% chance,6.164,6.164,7.665,1,,,,,,"${e://Field/Currency}$e{ e://Field/Amount / 2 } ${e://Field/Commodity}
for sure",3.605,3.605,5.572,1,,,,,,${e://Field/Currency}$e{ e://Field/Amount / 2 } ${e://Field/Commodity} for sure,3.132,3.132,4.31,1,,,,,,,,,,,,,,,,,,,,,,,,,,${e://Field/Currency}$e{ e://Field/Amount / 2 } ${e://Field/Commodity} for sure,2.357,2.357,3.795,1,,,,,,,,,,,,,,,,,,,,,,,,,,,,,,,,,,,,,,,,,${e://Field/Currency}$e{ e://Field/Amount / 2 } ${e://Field/Commodity} for sure,1.215,1.215,3.603,1,,,,,,,,,,,,,,,,,,,,,,,,,,,,,,,,,,,,,,,,,,,,,,,,,,,,,,,,,,,,,,,,,
R_3RwFCi5sL6MyPh7,${e://Field/Currency}$e{ e://Field/Amount / 2 } ${e://Field/Commodity} for sure,7.625,7.625,8.4,1,${e://Field/Currency}${e://Field/Amount} ${e://Field/Commodity} with an 92% chance,1.548,1.548,3.057,1,,,,,,,,,,,,,,,,,,,,,${e://Field/Currency}${e://Field/Amount} ${e://Field/Commodity} with a 77% chance,0.981,0.981,3.022,1,,,,,,,,,,,,,,,,,,,,,,,,,,,,,,,${e://Field/Currency}${e://Field/Amount} ${e://Field/Commodity} with a 65% chance,8.205,8.205,9.322,1,,,,,,,,,,,,,,,,,,,,,,,,,,,,,,,,,,,,,,,,,,,,,,,,,,,,,,,,,,,,,,,,,,${e://Field/Currency}$e{ e://Field/Amount / 2 } ${e://Field/Commodity} for sure,1.613,1.613,2.828,1,,,,,,,,,,,,,,,,,,,,,,,,,
R_9WW3OIK1iBgg7mN,${e://Field/Currency}$e{ e://Field/Amount / 2 } ${e://Field/Commodity} for sure,5.441,5.441,6.191,1,${e://Field/Currency}${e://Field/Amount} ${e://Field/Commodity} with an 92% chance,1.879,1.879,2.705,1,,,,,,,,,,,,,,,,,,,,,${e://Field/Currency}${e://Field/Amount} ${e://Field/Commodity} with a 77% chance,1.187,1.187,2.906,1,,,,,,,,,,,,,,,,,,,,,,,,,,,,,,,${e://Field/Currency}$e{ e://Field/Amount / 2 } ${e://Field/Commodity} for sure,0.944,1.632,2.807,2,,,,,,,,,,,,,,,,,,,,,${e://Field/Currency}${e://Field/Amount} ${e://Field/Commodity} with a 72% chance,0.956,0.956,2.706,1,,,,,,,,,,,,,,,,,,,,,,,,,,,,,,,,,,,,,,,,,,,,,,,,,,,,,,,,,,,,,,,,,,,,,,
R_1f2bCvkJf1eNn2J,${e://Field/Currency}$e{ e://Field/Amount / 2 } ${e://Field/Commodity} for sure,4.499,4.499,5.353,1,${e://Field/Currency}${e://Field/Amount} ${e://Field/Commodity} with an 92% chance,3.109,3.109,4.849,1,,,,,,,,,,,,,,,,,,,,,${e://Field/Currency}${e://Field/Amount} ${e://Field/Commodity} with a 77% chance,1.006,1.006,3.007,1,,,,,,,,,,,,,,,,,,,,,,,,,,,,,,,${e://Field/Currency}${e://Field/Amount} ${e://Field/Commodity} with a 65% chance,0.506,0.506,2.905,1,,,,,,,,,,,,,,,,,,,,,,,,,,,,,,,,,,,,,,,,,,,,,,,,,,,,,,,,,,,,,,,,,,${e://Field/Currency}$e{ e://Field/Amount / 2 } ${e://Field/Commodity} for sure,3.286,3.286,4.055,1,,,,,,,,,,,,,,,,,,,,,,,,,
R_8zU6lFeExwvVEPv,${e://Field/Currency}$e{ e://Field/Amount / 2 } ${e://Field/Commodity} for sure,3.474,3.474,4.196,1,${e://Field/Currency}${e://Field/Amount} ${e://Field/Commodity} with an 92% chance,2.697,2.697,3.335,1,,,,,,,,,,,,,,,,,,,,,${e://Field/Currency}${e://Field/Amount} ${e://Field/Commodity} with a 77% chance,1.836,1.836,3.106,1,,,,,,,,,,,,,,,,,,,,,,,,,,,,,,,${e://Field/Currency}$e{ e://Field/Amount / 2 } ${e://Field/Commodity} for sure,1.453,1.453,3.135,1,,,,,,,,,,,,,,,,,,,,,${e://Field/Currency}${e://Field/Amount} ${e://Field/Commodity} with a 72% chance,27.231,28.699,29.471,2,,,,,,,,,,,,,,,,,,,,,,,,,,,,,,,,,,,,,,,,,,,,,,,,,,,,,,,,,,,,,,,,,,,,,,
R_3Jh0VCeLUFpuo30,${e://Field/Currency}$e{ e://Field/Amount / 2 } ${e://Field/Commodity} for sure,14.959,14.959,15.894,1,${e://Field/Currency}${e://Field/Amount} ${e://Field/Commodity} with an 92% chance,9.301,9.301,10.272,1,,,,,,,,,,,,,,,,,,,,,${e://Field/Currency}${e://Field/Amount} ${e://Field/Commodity} with a 77% chance,9.989,9.989,10.922,1,,,,,,,,,,,,,,,,,,,,,,,,,,,,,,,${e://Field/Currency}$e{ e://Field/Amount / 2 } ${e://Field/Commodity} for sure,2.06,2.06,3.285,1,,,,,,,,,,,,,,,,,,,,,${e://Field/Currency}${e://Field/Amount} ${e://Field/Commodity} with a 72% chance,3.05,3.05,4.325,1,,,,,,,,,,,,,,,,,,,,,,,,,,,,,,,,,,,,,,,,,,,,,,,,,,,,,,,,,,,,,,,,,,,,,,
R_29cfe3C31ozaZ8H,${e://Field/Currency}$e{ e://Field/Amount / 2 } ${e://Field/Commodity} for sure,5.056,5.056,5.701,1,${e://Field/Currency}${e://Field/Amount} ${e://Field/Commodity} with an 92% chance,3.12,4.795,5.827,2,,,,,,,,,,,,,,,,,,,,,${e://Field/Currency}$e{ e://Field/Amount / 2 } ${e://Field/Commodity} for sure,1.642,1.642,2.879,1,,,,,,${e://Field/Currency}${e://Field/Amount} ${e://Field/Commodity} with a 86% chance,2.243,2.243,2.862,1,,,,,,,,,,,,,,,,,,,,,,,,,,,,,,,,,,,,,,,,,,,,,,,,,,,,,,,,,,,,,,,,,,,,,,,,,,,,,,,,,,,,,,,,,,,,,,,,${e://Field/Currency}$e{ e://Field/Amount / 2 } ${e://Field/Commodity} for sure,3.446,3.446,4.201,1,,,,,,,,,,,,,,,,,,,,
R_2AY9apmXhVyJWzu,${e://Field/Currency}${e://Field/Amount} ${e://Field/Commodity} with a 50% chance,6.844,6.844,7.687,1,,,,,,"${e://Field/Currency}$e{ e://Field/Amount / 2 } ${e://Field/Commodity}
for sure",1.525,1.525,2.919,1,,,,,,${e://Field/Currency}$e{ e://Field/Amount / 2 } ${e://Field/Commodity} for sure,1.232,1.232,2.947,1,,,,,,,,,,,,,,,,,,,,,,,,,,${e://Field/Currency}$e{ e://Field/Amount / 2 } ${e://Field/Commodity} for sure,0.91,0.91,3.122,1,,,,,,,,,,,,,,,,,,,,,,,,,,,,,,,,,,,,,,,,,${e://Field/Currency}$e{ e://Field/Amount / 2 } ${e://Field/Commodity} for sure,2.297,2.297,3.134,1,,,,,,,,,,,,,,,,,,,,,,,,,,,,,,,,,,,,,,,,,,,,,,,,,,,,,,,,,,,,,,,,,
R_WCh5DQai5Hd9CmJ,${e://Field/Currency}$e{ e://Field/Amount / 2 } ${e://Field/Commodity} for sure,5.385,5.385,6.501,1,${e://Field/Currency}${e://Field/Amount} ${e://Field/Commodity} with an 92% chance,1.149,1.149,3.06,1,,,,,,,,,,,,,,,,,,,,,${e://Field/Currency}$e{ e://Field/Amount / 2 } ${e://Field/Commodity} for sure,3.587,3.587,4.352,1,,,,,,${e://Field/Currency}$e{ e://Field/Amount / 2 } ${e://Field/Commodity} for sure,2.345,2.345,3.199,1,,,,,,,,,,,,,,,,,,,,,,,,,,,,,,,,,,,,,,,,,${e://Field/Currency}${e://Field/Amount} ${e://Field/Commodity} with a 90% chance,1.117,1.117,2.896,1,,,,,,,,,,,,,,,,,,,,,,,,,,,,,,,,,,,,,,,,,,,,,,,,,,,,,,,,,,,,,,,,,,,,,,,,,,,
R_3HSPYHltCN4E5MY,${e://Field/Currency}$e{ e://Field/Amount / 2 } ${e://Field/Commodity} for sure,2.792,2.792,4.234,1,${e://Field/Currency}${e://Field/Amount} ${e://Field/Commodity} with an 92% chance,1.752,1.752,3.644,1,,,,,,,,,,,,,,,,,,,,,${e://Field/Currency}${e://Field/Amount} ${e://Field/Commodity} with a 77% chance,1.564,1.564,3.743,1,,,,,,,,,,,,,,,,,,,,,,,,,,,,,,,${e://Field/Currency}$e{ e://Field/Amount / 2 } ${e://Field/Commodity} for sure,0.858,0.858,3.351,1,,,,,,,,,,,,,,,,,,,,,${e://Field/Currency}${e://Field/Amount} ${e://Field/Commodity} with a 72% chance,3.528,3.528,4.654,1,,,,,,,,,,,,,,,,,,,,,,,,,,,,,,,,,,,,,,,,,,,,,,,,,,,,,,,,,,,,,,,,,,,,,,
R_24IANYoh21G9m0e,${e://Field/Currency}${e://Field/Amount} ${e://Field/Commodity} with a 50% chance,5.568,5.568,7.062,1,,,,,,"${e://Field/Currency}$e{ e://Field/Amount / 2 } ${e://Field/Commodity}
for sure",2.835,2.835,3.981,1,,,,,,${e://Field/Currency}${e://Field/Amount} ${e://Field/Commodity} with a 23% chance,4.641,4.641,5.945,1,,,,,,,,,,,,,,,,,,,,,${e://Field/Currency}$e{ e://Field/Amount / 2 } ${e://Field/Commodity} for sure,2.41,2.41,3.772,1,,,,,,,,,,,,,,,,,,,,,,,,,,,,,,,,,,,,,,,,,,,,,,,,,,,,,,,,${e://Field/Currency}$e{ e://Field/Amount / 2 } ${e://Field/Commodity} for sure,1.733,1.733,3.421,1,,,,,,,,,,,,,,,,,,,,,,,,,,,,,,,,,,,,,,,,,,,,,,,,,,,,,,,
R_2Bb8iMpDRiHrc1r,${e://Field/Currency}$e{ e://Field/Amount / 2 } ${e://Field/Commodity} for sure,4.417,4.417,5.404,1,${e://Field/Currency}${e://Field/Amount} ${e://Field/Commodity} with an 92% chance,4.145,4.145,4.933,1,,,,,,,,,,,,,,,,,,,,,${e://Field/Currency}${e://Field/Amount} ${e://Field/Commodity} with a 77% chance,5.447,5.447,6.253,1,,,,,,,,,,,,,,,,,,,,,,,,,,,,,,,${e://Field/Currency}$e{ e://Field/Amount / 2 } ${e://Field/Commodity} for sure,1.888,1.888,2.943,1,,,,,,,,,,,,,,,,,,,,,${e://Field/Currency}$e{ e://Field/Amount / 2 } ${e://Field/Commodity} for sure,2.863,3.98,4.729,2,,,,,,,,,,,,,,,,,,,,,,,,,,,,,,,,,,,,,,,,,,,,,,,,,,,,,,,,,,,,,,,,,,,,,,
R_cY10kT9vqVyFeLL,${e://Field/Currency}$e{ e://Field/Amount / 2 } ${e://Field/Commodity} for sure,7.803,7.803,9.005,1,${e://Field/Currency}${e://Field/Amount} ${e://Field/Commodity} with an 92% chance,2.089,2.089,3.065,1,,,,,,,,,,,,,,,,,,,,,${e://Field/Currency}$e{ e://Field/Amount / 2 } ${e://Field/Commodity} for sure,1.247,1.247,3.181,1,,,,,,${e://Field/Currency}$e{ e://Field/Amount / 2 } ${e://Field/Commodity} for sure,1.405,1.405,3.257,1,,,,,,,,,,,,,,,,,,,,,,,,,,,,,,,,,,,,,,,,,${e://Field/Currency}${e://Field/Amount} ${e://Field/Commodity} with a 90% chance,3.303,3.303,4.384,1,,,,,,,,,,,,,,,,,,,,,,,,,,,,,,,,,,,,,,,,,,,,,,,,,,,,,,,,,,,,,,,,,,,,,,,,,,,
R_1OitBzYNo1A5VMD,${e://Field/Currency}$e{ e://Field/Amount / 2 } ${e://Field/Commodity} for sure,7.868,7.868,8.58,1,${e://Field/Currency}${e://Field/Amount} ${e://Field/Commodity} with an 92% chance,1.957,1.957,3.878,1,,,,,,,,,,,,,,,,,,,,,${e://Field/Currency}${e://Field/Amount} ${e://Field/Commodity} with a 77% chance,4.804,4.804,5.483,1,,,,,,,,,,,,,,,,,,,,,,,,,,,,,,,${e://Field/Currency}$e{ e://Field/Amount / 2 } ${e://Field/Commodity} for sure,3.503,3.503,4.433,1,,,,,,,,,,,,,,,,,,,,,${e://Field/Currency}${e://Field/Amount} ${e://Field/Commodity} with a 72% chance,1.453,1.453,3.132,1,,,,,,,,,,,,,,,,,,,,,,,,,,,,,,,,,,,,,,,,,,,,,,,,,,,,,,,,,,,,,,,,,,,,,,
R_1C9L51VeQ8LK8kL,${e://Field/Currency}${e://Field/Amount} ${e://Field/Commodity} with a 50% chance,5.57,5.57,8.472,1,,,,,,"${e://Field/Currency}$e{ e://Field/Amount / 2 } ${e://Field/Commodity}
for sure",1.606,1.606,3.058,1,,,,,,${e://Field/Currency}$e{ e://Field/Amount / 2 } ${e://Field/Commodity} for sure,5.665,6.108,7.122,2,,,,,,,,,,,,,,,,,,,,,,,,,,${e://Field/Currency}$e{ e://Field/Amount / 2 } ${e://Field/Commodity} for sure,1.874,1.874,3.136,1,,,,,,,,,,,,,,,,,,,,,,,,,,,,,,,,,,,,,,,,,${e://Field/Currency}$e{ e://Field/Amount / 2 } ${e://Field/Commodity} for sure,29.439,29.439,30.3,1,,,,,,,,,,,,,,,,,,,,,,,,,,,,,,,,,,,,,,,,,,,,,,,,,,,,,,,,,,,,,,,,,
R_2To9h9cprb5dcoW,${e://Field/Currency}$e{ e://Field/Amount / 2 } ${e://Field/Commodity} for sure,4.074,4.074,7.535,1,${e://Field/Currency}${e://Field/Amount} ${e://Field/Commodity} with an 92% chance,1.895,1.895,3.081,1,,,,,,,,,,,,,,,,,,,,,${e://Field/Currency}${e://Field/Amount} ${e://Field/Commodity} with a 77% chance,1.657,1.657,3.768,1,,,,,,,,,,,,,,,,,,,,,,,,,,,,,,,${e://Field/Currency}${e://Field/Amount} ${e://Field/Commodity} with a 65% chance,1.11,1.11,3.009,1,,,,,,,,,,,,,,,,,,,,,,,,,,,,,,,,,,,,,,,,,,,,,,,,,,,,,,,,,,,,,,,,,,${e://Field/Currency}$e{ e://Field/Amount / 2 } ${e://Field/Commodity} for sure,1.796,1.796,2.861,1,,,,,,,,,,,,,,,,,,,,,,,,,
R_AiCzQL4IsG3aPcJ,${e://Field/Currency}${e://Field/Amount} ${e://Field/Commodity} with a 50% chance,4.327,4.327,5.349,1,,,,,,"${e://Field/Currency}$e{ e://Field/Amount / 2 } ${e://Field/Commodity}
for sure",1.567,1.567,2.916,1,,,,,,${e://Field/Currency}$e{ e://Field/Amount / 2 } ${e://Field/Commodity} for sure,1.709,1.709,2.987,1,,,,,,,,,,,,,,,,,,,,,,,,,,${e://Field/Currency}$e{ e://Field/Amount / 2 } ${e://Field/Commodity} for sure,0.859,0.859,3.288,1,,,,,,,,,,,,,,,,,,,,,,,,,,,,,,,,,,,,,,,,,${e://Field/Currency}${e://Field/Amount} ${e://Field/Commodity} with a 42% chance,1.871,1.871,3.101,1,,,,,,,,,,,,,,,,,,,,,,,,,,,,,,,,,,,,,,,,,,,,,,,,,,,,,,,,,,,,,,,,,
R_DSJnks01u91eA1P,${e://Field/Currency}$e{ e://Field/Amount / 2 } ${e://Field/Commodity} for sure,8.989,8.989,9.799,1,${e://Field/Currency}${e://Field/Amount} ${e://Field/Commodity} with an 92% chance,2.131,2.131,2.918,1,,,,,,,,,,,,,,,,,,,,,${e://Field/Currency}${e://Field/Amount} ${e://Field/Commodity} with a 77% chance,2.194,2.194,2.84,1,,,,,,,,,,,,,,,,,,,,,,,,,,,,,,,${e://Field/Currency}$e{ e://Field/Amount / 2 } ${e://Field/Commodity} for sure,1.382,1.382,3.083,1,,,,,,,,,,,,,,,,,,,,,${e://Field/Currency}$e{ e://Field/Amount / 2 } ${e://Field/Commodity} for sure,2.017,2.017,3.169,1,,,,,,,,,,,,,,,,,,,,,,,,,,,,,,,,,,,,,,,,,,,,,,,,,,,,,,,,,,,,,,,,,,,,,,
R_2SBSUk66OISFZQZ,${e://Field/Currency}$e{ e://Field/Amount / 2 } ${e://Field/Commodity} for sure,3.649,3.649,4.52,1,${e://Field/Currency}${e://Field/Amount} ${e://Field/Commodity} with an 92% chance,1.616,1.616,3.04,1,,,,,,,,,,,,,,,,,,,,,${e://Field/Currency}${e://Field/Amount} ${e://Field/Commodity} with a 77% chance,0.891,0.891,2.987,1,,,,,,,,,,,,,,,,,,,,,,,,,,,,,,,${e://Field/Currency}${e://Field/Amount} ${e://Field/Commodity} with a 65% chance,0.871,0.871,2.88,1,,,,,,,,,,,,,,,,,,,,,,,,,,,,,,,,,,,,,,,,,,,,,,,,,,,,,,,,,,,,,,,,,,${e://Field/Currency}${e://Field/Amount} ${e://Field/Commodity} with a 58% chance,1.065,1.065,2.855,1,,,,,,,,,,,,,,,,,,,,,,,,,
R_1oF7HKB3GLYMJth,${e://Field/Currency}${e://Field/Amount} ${e://Field/Commodity} with a 50% chance,7.621,7.621,9.249,1,,,,,,"${e://Field/Currency}$e{ e://Field/Amount / 2 } ${e://Field/Commodity}
for sure",7.651,7.651,9.987,1,,,,,,${e://Field/Currency}$e{ e://Field/Amount / 2 } ${e://Field/Commodity} for sure,2.331,2.331,3.935,1,,,,,,,,,,,,,,,,,,,,,,,,,,${e://Field/Currency}$e{ e://Field/Amount / 2 } ${e://Field/Commodity} for sure,1.517,1.517,4.359,1,,,,,,,,,,,,,,,,,,,,,,,,,,,,,,,,,,,,,,,,,${e://Field/Currency}$e{ e://Field/Amount / 2 } ${e://Field/Commodity} for sure,1.982,1.982,3.781,1,,,,,,,,,,,,,,,,,,,,,,,,,,,,,,,,,,,,,,,,,,,,,,,,,,,,,,,,,,,,,,,,,
R_9NTUcD7lZaHwJrj,${e://Field/Currency}$e{ e://Field/Amount / 2 } ${e://Field/Commodity} for sure,3.048,3.048,3.883,1,${e://Field/Currency}${e://Field/Amount} ${e://Field/Commodity} with an 92% chance,1.492,1.492,3.146,1,,,,,,,,,,,,,,,,,,,,,${e://Field/Currency}${e://Field/Amount} ${e://Field/Commodity} with a 77% chance,1.752,1.752,2.839,1,,,,,,,,,,,,,,,,,,,,,,,,,,,,,,,${e://Field/Currency}$e{ e://Field/Amount / 2 } ${e://Field/Commodity} for sure,1.983,1.983,2.985,1,,,,,,,,,,,,,,,,,,,,,${e://Field/Currency}${e://Field/Amount} ${e://Field/Commodity} with a 72% chance,0.931,0.931,2.834,1,,,,,,,,,,,,,,,,,,,,,,,,,,,,,,,,,,,,,,,,,,,,,,,,,,,,,,,,,,,,,,,,,,,,,,
R_3rNHUgA7HFE9ZwL,${e://Field/Currency}$e{ e://Field/Amount / 2 } ${e://Field/Commodity} for sure,4.203,4.203,5.223,1,${e://Field/Currency}${e://Field/Amount} ${e://Field/Commodity} with an 92% chance,4.917,4.917,5.706,1,,,,,,,,,,,,,,,,,,,,,${e://Field/Currency}$e{ e://Field/Amount / 2 } ${e://Field/Commodity} for sure,4.327,4.327,5.044,1,,,,,,${e://Field/Currency}${e://Field/Amount} ${e://Field/Commodity} with a 86% chance,3.047,3.047,3.655,1,,,,,,,,,,,,,,,,,,,,,,,,,,,,,,,,,,,,,,,,,,,,,,,,,,,,,,,,,,,,,,,,,,,,,,,,,,,,,,,,,,,,,,,,,,,,,,,,${e://Field/Currency}${e://Field/Amount} ${e://Field/Commodity} with an 82% chance,4.02,4.02,4.955,1,,,,,,,,,,,,,,,,,,,,
R_3JedwYpNS8AUIRk,${e://Field/Currency}$e{ e://Field/Amount / 2 } ${e://Field/Commodity} for sure,5.138,5.138,6.939,1,${e://Field/Currency}${e://Field/Amount} ${e://Field/Commodity} with an 92% chance,1.978,1.978,3.199,1,,,,,,,,,,,,,,,,,,,,,${e://Field/Currency}${e://Field/Amount} ${e://Field/Commodity} with a 77% chance,1.274,1.274,3.041,1,,,,,,,,,,,,,,,,,,,,,,,,,,,,,,,${e://Field/Currency}${e://Field/Amount} ${e://Field/Commodity} with a 65% chance,1.083,1.083,3.048,1,,,,,,,,,,,,,,,,,,,,,,,,,,,,,,,,,,,,,,,,,,,,,,,,,,,,,,,,,,,,,,,,,,${e://Field/Currency}$e{ e://Field/Amount / 2 } ${e://Field/Commodity} for sure,1.901,4.188,5.301,2,,,,,,,,,,,,,,,,,,,,,,,,,
R_3KHOP1JCi3OYTJO,${e://Field/Currency}$e{ e://Field/Amount / 2 } ${e://Field/Commodity} for sure,3.202,13.914,14.522,2,${e://Field/Currency}${e://Field/Amount} ${e://Field/Commodity} with an 92% chance,1.791,8.017,9.061,2,,,,,,,,,,,,,,,,,,,,,${e://Field/Currency}$e{ e://Field/Amount / 2 } ${e://Field/Commodity} for sure,5.767,5.767,9.05,1,,,,,,${e://Field/Currency}${e://Field/Amount} ${e://Field/Commodity} with a 86% chance,3.594,3.594,4.532,1,,,,,,,,,,,,,,,,,,,,,,,,,,,,,,,,,,,,,,,,,,,,,,,,,,,,,,,,,,,,,,,,,,,,,,,,,,,,,,,,,,,,,,,,,,,,,,,,${e://Field/Currency}${e://Field/Amount} ${e://Field/Commodity} with an 82% chance,2.19,2.19,3.248,1,,,,,,,,,,,,,,,,,,,,
R_R8maZUMh9JeaQ49,${e://Field/Currency}$e{ e://Field/Amount / 2 } ${e://Field/Commodity} for sure,2.641,2.641,3.344,1,${e://Field/Currency}$e{ e://Field/Amount / 2 } ${e://Field/Commodity} for sure,0.753,0.753,2.921,1,,,,,,${e://Field/Currency}${e://Field/Amount} ${e://Field/Commodity} with a 97.5% chance,0.939,2.805,3.832,2,,,,,,,,,,,,,,,,,,,,,,,,,,,,,,,,,,,,,,,,,,,,,,,,,,,${e://Field/Currency}${e://Field/Amount} ${e://Field/Commodity} with a 96% chance,0.614,0.614,2.774,1,,,,,,,,,,,,,,,,,,,,,,,,,,,,,,,,,,,,,,,,,,,,,,,,,,,,,,,,,,,,,,,,,,,,,,,${e://Field/Currency}${e://Field/Amount} ${e://Field/Commodity} with a 94% chance,0.61,0.61,2.839,1,,,,,,,,,,,,,,,
R_1FLqXM0mkgC9nSm,${e://Field/Currency}$e{ e://Field/Amount / 2 } ${e://Field/Commodity} for sure,3.98,3.98,5.184,1,${e://Field/Currency}${e://Field/Amount} ${e://Field/Commodity} with an 92% chance,4.01,4.01,4.763,1,,,,,,,,,,,,,,,,,,,,,${e://Field/Currency}$e{ e://Field/Amount / 2 } ${e://Field/Commodity} for sure,2.061,2.061,3.252,1,,,,,,${e://Field/Currency}$e{ e://Field/Amount / 2 } ${e://Field/Commodity} for sure,1.525,1.525,3.019,1,,,,,,,,,,,,,,,,,,,,,,,,,,,,,,,,,,,,,,,,,${e://Field/Currency}${e://Field/Amount} ${e://Field/Commodity} with a 90% chance,2.253,2.954,3.738,2,,,,,,,,,,,,,,,,,,,,,,,,,,,,,,,,,,,,,,,,,,,,,,,,,,,,,,,,,,,,,,,,,,,,,,,,,,,
R_1PUkWdGoCA0gqB3,${e://Field/Currency}${e://Field/Amount} ${e://Field/Commodity} with a 50% chance,1.871,1.871,3.492,1,,,,,,"${e://Field/Currency}$e{ e://Field/Amount / 2 } ${e://Field/Commodity}
for sure",1.03,1.03,2.954,1,,,,,,${e://Field/Currency}$e{ e://Field/Amount / 2 } ${e://Field/Commodity} for sure,1.298,1.298,2.47,1,,,,,,,,,,,,,,,,,,,,,,,,,,${e://Field/Currency}$e{ e://Field/Amount / 2 } ${e://Field/Commodity} for sure,0.976,2.152,2.749,2,,,,,,,,,,,,,,,,,,,,,,,,,,,,,,,,,,,,,,,,,${e://Field/Currency}$e{ e://Field/Amount / 2 } ${e://Field/Commodity} for sure,1.214,1.214,2.618,1,,,,,,,,,,,,,,,,,,,,,,,,,,,,,,,,,,,,,,,,,,,,,,,,,,,,,,,,,,,,,,,,,
R_suOgXog9vj4hl6x,${e://Field/Currency}$e{ e://Field/Amount / 2 } ${e://Field/Commodity} for sure,6.104,6.104,6.982,1,${e://Field/Currency}${e://Field/Amount} ${e://Field/Commodity} with an 92% chance,2.036,2.036,2.804,1,,,,,,,,,,,,,,,,,,,,,${e://Field/Currency}${e://Field/Amount} ${e://Field/Commodity} with a 77% chance,3.138,3.138,3.873,1,,,,,,,,,,,,,,,,,,,,,,,,,,,,,,,${e://Field/Currency}${e://Field/Amount} ${e://Field/Commodity} with a 65% chance,4.162,4.162,4.757,1,,,,,,,,,,,,,,,,,,,,,,,,,,,,,,,,,,,,,,,,,,,,,,,,,,,,,,,,,,,,,,,,,,${e://Field/Currency}${e://Field/Amount} ${e://Field/Commodity} with a 58% chance,1.931,1.931,3.102,1,,,,,,,,,,,,,,,,,,,,,,,,,
R_2Bn6Cxi4DJ17PV4,${e://Field/Currency}$e{ e://Field/Amount / 2 } ${e://Field/Commodity} for sure,3.88,3.88,4.726,1,${e://Field/Currency}${e://Field/Amount} ${e://Field/Commodity} with an 92% chance,1.695,1.695,2.901,1,,,,,,,,,,,,,,,,,,,,,${e://Field/Currency}${e://Field/Amount} ${e://Field/Commodity} with a 77% chance,0.798,0.798,2.868,1,,,,,,,,,,,,,,,,,,,,,,,,,,,,,,,${e://Field/Currency}$e{ e://Field/Amount / 2 } ${e://Field/Commodity} for sure,0.968,2.44,3.692,2,,,,,,,,,,,,,,,,,,,,,${e://Field/Currency}${e://Field/Amount} ${e://Field/Commodity} with a 72% chance,3.123,3.123,3.945,1,,,,,,,,,,,,,,,,,,,,,,,,,,,,,,,,,,,,,,,,,,,,,,,,,,,,,,,,,,,,,,,,,,,,,,
R_20MSveDnlaykgYW,${e://Field/Currency}$e{ e://Field/Amount / 2 } ${e://Field/Commodity} for sure,2.873,2.873,3.883,1,${e://Field/Currency}$e{ e://Field/Amount / 2 } ${e://Field/Commodity} for sure,3.745,3.745,4.864,1,,,,,,${e://Field/Currency}$e{ e://Field/Amount / 2 } ${e://Field/Commodity} for sure,1.159,1.159,6.356,1,,,,,,,,,,,,,,,,${e://Field/Currency}$e{ e://Field/Amount / 2 } ${e://Field/Commodity} for sure,3.064,3.064,5.408,1,,,,,,,,,,,,,,,,,,,,,,,,,,,,,,,,,,,,${e://Field/Currency}$e{ e://Field/Amount / 2 } ${e://Field/Commodity} for sure,2.049,2.049,5.097,1,,,,,,,,,,,,,,,,,,,,,,,,,,,,,,,,,,,,,,,,,,,,,,,,,,,,,,,,,,,,,,,,,,,,,,,,,,,,"${e://Field/Currency}${e://Field/Amount} ${e://Field/Commodity}
with a 99% chance",2.295,2.295,4.641,1,,,,,
R_1obdHsFwLeoCP26,${e://Field/Currency}${e://Field/Amount} ${e://Field/Commodity} with a 50% chance,2.76,2.76,3.519,1,,,,,,"${e://Field/Currency}$e{ e://Field/Amount / 2 } ${e://Field/Commodity}
for sure",3.002,3.002,3.859,1,,,,,,${e://Field/Currency}$e{ e://Field/Amount / 2 } ${e://Field/Commodity} for sure,0.464,1.141,2.864,2,,,,,,,,,,,,,,,,,,,,,,,,,,${e://Field/Currency}$e{ e://Field/Amount / 2 } ${e://Field/Commodity} for sure,13.581,13.581,14.522,1,,,,,,,,,,,,,,,,,,,,,,,,,,,,,,,,,,,,,,,,,${e://Field/Currency}$e{ e://Field/Amount / 2 } ${e://Field/Commodity} for sure,0.962,0.962,2.776,1,,,,,,,,,,,,,,,,,,,,,,,,,,,,,,,,,,,,,,,,,,,,,,,,,,,,,,,,,,,,,,,,,
R_22rgpsVH6A7VftI,${e://Field/Currency}${e://Field/Amount} ${e://Field/Commodity} with a 50% chance,8.454,8.454,9.368,1,,,,,,"${e://Field/Currency}$e{ e://Field/Amount / 2 } ${e://Field/Commodity}
for sure",23.959,23.959,37.101,1,,,,,,${e://Field/Currency}$e{ e://Field/Amount / 2 } ${e://Field/Commodity} for sure,8.139,8.139,8.937,1,,,,,,,,,,,,,,,,,,,,,,,,,,${e://Field/Currency}$e{ e://Field/Amount / 2 } ${e://Field/Commodity} for sure,1.393,1.393,3.116,1,,,,,,,,,,,,,,,,,,,,,,,,,,,,,,,,,,,,,,,,,${e://Field/Currency}$e{ e://Field/Amount / 2 } ${e://Field/Commodity} for sure,1.211,1.211,3.116,1,,,,,,,,,,,,,,,,,,,,,,,,,,,,,,,,,,,,,,,,,,,,,,,,,,,,,,,,,,,,,,,,,
R_1l0sSxMd3kR8f3P,${e://Field/Currency}${e://Field/Amount} ${e://Field/Commodity} with a 50% chance,3.248,3.472,4.685,2,,,,,,"${e://Field/Currency}$e{ e://Field/Amount / 2 } ${e://Field/Commodity}
for sure",1.277,1.514,3.25,2,,,,,,${e://Field/Currency}$e{ e://Field/Amount / 2 } ${e://Field/Commodity} for sure,1.983,2.233,3.139,2,,,,,,,,,,,,,,,,,,,,,,,,,,${e://Field/Currency}$e{ e://Field/Amount / 2 } ${e://Field/Commodity} for sure,1.455,1.691,3.451,2,,,,,,,,,,,,,,,,,,,,,,,,,,,,,,,,,,,,,,,,,${e://Field/Currency}$e{ e://Field/Amount / 2 } ${e://Field/Commodity} for sure,0.868,1.172,3.342,2,,,,,,,,,,,,,,,,,,,,,,,,,,,,,,,,,,,,,,,,,,,,,,,,,,,,,,,,,,,,,,,,,
R_A7dzQ1LY2j1GbTz,${e://Field/Currency}$e{ e://Field/Amount / 2 } ${e://Field/Commodity} for sure,4.076,4.076,4.81,1,${e://Field/Currency}${e://Field/Amount} ${e://Field/Commodity} with an 92% chance,3.552,3.552,4.055,1,,,,,,,,,,,,,,,,,,,,,${e://Field/Currency}$e{ e://Field/Amount / 2 } ${e://Field/Commodity} for sure,2.198,2.198,2.804,1,,,,,,${e://Field/Currency}${e://Field/Amount} ${e://Field/Commodity} with a 86% chance,2.151,2.151,2.775,1,,,,,,,,,,,,,,,,,,,,,,,,,,,,,,,,,,,,,,,,,,,,,,,,,,,,,,,,,,,,,,,,,,,,,,,,,,,,,,,,,,,,,,,,,,,,,,,,${e://Field/Currency}${e://Field/Amount} ${e://Field/Commodity} with an 82% chance,1.344,1.344,3.198,1,,,,,,,,,,,,,,,,,,,,
R_1lzcZUkAtm6SCrQ,${e://Field/Currency}$e{ e://Field/Amount / 2 } ${e://Field/Commodity} for sure,15.729,15.729,16.804,1,${e://Field/Currency}$e{ e://Field/Amount / 2 } ${e://Field/Commodity} for sure,2.006,2.006,3.17,1,,,,,,${e://Field/Currency}$e{ e://Field/Amount / 2 } ${e://Field/Commodity} for sure,2.63,3.735,4.203,2,,,,,,,,,,,,,,,,${e://Field/Currency}$e{ e://Field/Amount / 2 } ${e://Field/Commodity} for sure,0.805,0.805,3.503,1,,,,,,,,,,,,,,,,,,,,,,,,,,,,,,,,,,,,${e://Field/Currency}${e://Field/Amount} ${e://Field/Commodity} with a 99% chance,2.102,2.102,3.606,1,,,,,,,,,,,,,,,,,,,,,,,,,,,,,,,,,,,,,,,,,,,,,,,,,,,,,,,,,,,,,,,,,,,,,,,,,,,,,,,,,,,,,
R_2X6a4xBnRWskQ3X,${e://Field/Currency}$e{ e://Field/Amount / 2 } ${e://Field/Commodity} for sure,4.101,4.101,4.908,1,${e://Field/Currency}${e://Field/Amount} ${e://Field/Commodity} with an 92% chance,1.729,1.729,3.161,1,,,,,,,,,,,,,,,,,,,,,${e://Field/Currency}${e://Field/Amount} ${e://Field/Commodity} with a 77% chance,1.537,1.537,3.078,1,,,,,,,,,,,,,,,,,,,,,,,,,,,,,,,${e://Field/Currency}$e{ e://Field/Amount / 2 } ${e://Field/Commodity} for sure,1.929,1.929,3.164,1,,,,,,,,,,,,,,,,,,,,,${e://Field/Currency}${e://Field/Amount} ${e://Field/Commodity} with a 72% chance,2.749,2.749,3.552,1,,,,,,,,,,,,,,,,,,,,,,,,,,,,,,,,,,,,,,,,,,,,,,,,,,,,,,,,,,,,,,,,,,,,,,
R_3F2PIUjIZlAGKeb,${e://Field/Currency}$e{ e://Field/Amount / 2 } ${e://Field/Commodity} for sure,3.608,3.608,5.486,1,${e://Field/Currency}${e://Field/Amount} ${e://Field/Commodity} with an 92% chance,2.524,2.524,3.308,1,,,,,,,,,,,,,,,,,,,,,${e://Field/Currency}$e{ e://Field/Amount / 2 } ${e://Field/Commodity} for sure,2.301,2.301,3.096,1,,,,,,${e://Field/Currency}$e{ e://Field/Amount / 2 } ${e://Field/Commodity} for sure,2.042,2.042,2.893,1,,,,,,,,,,,,,,,,,,,,,,,,,,,,,,,,,,,,,,,,,${e://Field/Currency}${e://Field/Amount} ${e://Field/Commodity} with a 90% chance,1.585,1.585,3.053,1,,,,,,,,,,,,,,,,,,,,,,,,,,,,,,,,,,,,,,,,,,,,,,,,,,,,,,,,,,,,,,,,,,,,,,,,,,,
R_Orj2H15B9JshAHL,${e://Field/Currency}$e{ e://Field/Amount / 2 } ${e://Field/Commodity} for sure,5.683,5.683,7.029,1,${e://Field/Currency}${e://Field/Amount} ${e://Field/Commodity} with an 92% chance,3.309,3.309,7.244,1,,,,,,,,,,,,,,,,,,,,,${e://Field/Currency}${e://Field/Amount} ${e://Field/Commodity} with a 77% chance,5.942,5.942,7.829,1,,,,,,,,,,,,,,,,,,,,,,,,,,,,,,,${e://Field/Currency}$e{ e://Field/Amount / 2 } ${e://Field/Commodity} for sure,2.96,2.96,6.393,1,,,,,,,,,,,,,,,,,,,,,${e://Field/Currency}${e://Field/Amount} ${e://Field/Commodity} with a 72% chance,4.908,4.908,6.346,1,,,,,,,,,,,,,,,,,,,,,,,,,,,,,,,,,,,,,,,,,,,,,,,,,,,,,,,,,,,,,,,,,,,,,,
R_22s4BbOXBBdVrp5,${e://Field/Currency}$e{ e://Field/Amount / 2 } ${e://Field/Commodity} for sure,4.631,4.631,5.83,1,${e://Field/Currency}${e://Field/Amount} ${e://Field/Commodity} with an 92% chance,1.75,1.75,2.867,1,,,,,,,,,,,,,,,,,,,,,${e://Field/Currency}${e://Field/Amount} ${e://Field/Commodity} with a 77% chance,1.837,1.837,3.422,1,,,,,,,,,,,,,,,,,,,,,,,,,,,,,,,${e://Field/Currency}$e{ e://Field/Amount / 2 } ${e://Field/Commodity} for sure,5.087,5.942,6.302,2,,,,,,,,,,,,,,,,,,,,,${e://Field/Currency}${e://Field/Amount} ${e://Field/Commodity} with a 72% chance,1.101,1.101,3.235,1,,,,,,,,,,,,,,,,,,,,,,,,,,,,,,,,,,,,,,,,,,,,,,,,,,,,,,,,,,,,,,,,,,,,,,
R_1plltMNP2GAf4oS,${e://Field/Currency}$e{ e://Field/Amount / 2 } ${e://Field/Commodity} for sure,8.933,8.933,9.769,1,${e://Field/Currency}${e://Field/Amount} ${e://Field/Commodity} with an 92% chance,2.163,2.163,2.981,1,,,,,,,,,,,,,,,,,,,,,${e://Field/Currency}${e://Field/Amount} ${e://Field/Commodity} with a 77% chance,3.129,3.129,3.895,1,,,,,,,,,,,,,,,,,,,,,,,,,,,,,,,${e://Field/Currency}${e://Field/Amount} ${e://Field/Commodity} with a 65% chance,2.655,2.655,4.855,1,,,,,,,,,,,,,,,,,,,,,,,,,,,,,,,,,,,,,,,,,,,,,,,,,,,,,,,,,,,,,,,,,,${e://Field/Currency}$e{ e://Field/Amount / 2 } ${e://Field/Commodity} for sure,4.021,4.021,4.705,1,,,,,,,,,,,,,,,,,,,,,,,,,
R_1HhHKlRUEiihXp2,${e://Field/Currency}$e{ e://Field/Amount / 2 } ${e://Field/Commodity} for sure,2.535,2.535,3.759,1,${e://Field/Currency}${e://Field/Amount} ${e://Field/Commodity} with an 92% chance,2.424,2.424,3.506,1,,,,,,,,,,,,,,,,,,,,,${e://Field/Currency}$e{ e://Field/Amount / 2 } ${e://Field/Commodity} for sure,1.551,1.551,3.379,1,,,,,,${e://Field/Currency}${e://Field/Amount} ${e://Field/Commodity} with a 86% chance,1.176,1.176,3.301,1,,,,,,,,,,,,,,,,,,,,,,,,,,,,,,,,,,,,,,,,,,,,,,,,,,,,,,,,,,,,,,,,,,,,,,,,,,,,,,,,,,,,,,,,,,,,,,,,${e://Field/Currency}${e://Field/Amount} ${e://Field/Commodity} with an 82% chance,1.211,1.211,3.451,1,,,,,,,,,,,,,,,,,,,,
R_215QXeKuVhrjBpv,${e://Field/Currency}$e{ e://Field/Amount / 2 } ${e://Field/Commodity} for sure,3.239,3.239,4.5,1,${e://Field/Currency}${e://Field/Amount} ${e://Field/Commodity} with an 92% chance,1.763,1.763,3.158,1,,,,,,,,,,,,,,,,,,,,,${e://Field/Currency}$e{ e://Field/Amount / 2 } ${e://Field/Commodity} for sure,2.516,2.516,3.734,1,,,,,,${e://Field/Currency}${e://Field/Amount} ${e://Field/Commodity} with a 86% chance,1.885,1.885,3.001,1,,,,,,,,,,,,,,,,,,,,,,,,,,,,,,,,,,,,,,,,,,,,,,,,,,,,,,,,,,,,,,,,,,,,,,,,,,,,,,,,,,,,,,,,,,,,,,,,${e://Field/Currency}${e://Field/Amount} ${e://Field/Commodity} with an 82% chance,2.268,2.268,3.445,1,,,,,,,,,,,,,,,,,,,,
R_11jYVYp4UbzMHfO,${e://Field/Currency}$e{ e://Field/Amount / 2 } ${e://Field/Commodity} for sure,3.635,3.635,4.693,1,${e://Field/Currency}${e://Field/Amount} ${e://Field/Commodity} with an 92% chance,1.894,1.894,3.08,1,,,,,,,,,,,,,,,,,,,,,${e://Field/Currency}${e://Field/Amount} ${e://Field/Commodity} with a 77% chance,1.672,1.672,3.207,1,,,,,,,,,,,,,,,,,,,,,,,,,,,,,,,${e://Field/Currency}${e://Field/Amount} ${e://Field/Commodity} with a 65% chance,2.284,2.284,2.931,1,,,,,,,,,,,,,,,,,,,,,,,,,,,,,,,,,,,,,,,,,,,,,,,,,,,,,,,,,,,,,,,,,,${e://Field/Currency}$e{ e://Field/Amount / 2 } ${e://Field/Commodity} for sure,9.627,9.627,10.21,1,,,,,,,,,,,,,,,,,,,,,,,,,
R_1rBsk0xY7lYg5Lb,${e://Field/Currency}${e://Field/Amount} ${e://Field/Commodity} with a 50% chance,2.766,2.766,4.181,1,,,,,,"${e://Field/Currency}$e{ e://Field/Amount / 2 } ${e://Field/Commodity}
for sure",2.021,2.021,12.507,1,,,,,,${e://Field/Currency}$e{ e://Field/Amount / 2 } ${e://Field/Commodity} for sure,2.518,2.518,3.186,1,,,,,,,,,,,,,,,,,,,,,,,,,,${e://Field/Currency}$e{ e://Field/Amount / 2 } ${e://Field/Commodity} for sure,1.126,1.126,2.759,1,,,,,,,,,,,,,,,,,,,,,,,,,,,,,,,,,,,,,,,,,${e://Field/Currency}${e://Field/Amount} ${e://Field/Commodity} with a 42% chance,0.744,0.744,2.882,1,,,,,,,,,,,,,,,,,,,,,,,,,,,,,,,,,,,,,,,,,,,,,,,,,,,,,,,,,,,,,,,,,
R_2qg75ztFngzXRqo,${e://Field/Currency}$e{ e://Field/Amount / 2 } ${e://Field/Commodity} for sure,3.259,3.259,4.131,1,${e://Field/Currency}${e://Field/Amount} ${e://Field/Commodity} with an 92% chance,1.835,1.835,2.924,1,,,,,,,,,,,,,,,,,,,,,${e://Field/Currency}$e{ e://Field/Amount / 2 } ${e://Field/Commodity} for sure,3.288,3.288,3.887,1,,,,,,${e://Field/Currency}${e://Field/Amount} ${e://Field/Commodity} with a 86% chance,2.378,2.378,2.986,1,,,,,,,,,,,,,,,,,,,,,,,,,,,,,,,,,,,,,,,,,,,,,,,,,,,,,,,,,,,,,,,,,,,,,,,,,,,,,,,,,,,,,,,,,,,,,,,,${e://Field/Currency}${e://Field/Amount} ${e://Field/Commodity} with an 82% chance,2.15,2.15,2.701,1,,,,,,,,,,,,,,,,,,,,
R_322rU81BylaBwIP,${e://Field/Currency}$e{ e://Field/Amount / 2 } ${e://Field/Commodity} for sure,2.244,2.244,3.101,1,${e://Field/Currency}${e://Field/Amount} ${e://Field/Commodity} with an 92% chance,0.546,1.847,2.833,2,,,,,,,,,,,,,,,,,,,,,${e://Field/Currency}${e://Field/Amount} ${e://Field/Commodity} with a 77% chance,0.47,0.47,2.845,1,,,,,,,,,,,,,,,,,,,,,,,,,,,,,,,${e://Field/Currency}$e{ e://Field/Amount / 2 } ${e://Field/Commodity} for sure,0.471,0.471,2.821,1,,,,,,,,,,,,,,,,,,,,,${e://Field/Currency}${e://Field/Amount} ${e://Field/Commodity} with a 72% chance,1.759,1.759,3.048,1,,,,,,,,,,,,,,,,,,,,,,,,,,,,,,,,,,,,,,,,,,,,,,,,,,,,,,,,,,,,,,,,,,,,,,
R_bgybexoJ3xsDe2B,${e://Field/Currency}$e{ e://Field/Amount / 2 } ${e://Field/Commodity} for sure,4.032,4.032,4.723,1,${e://Field/Currency}${e://Field/Amount} ${e://Field/Commodity} with an 92% chance,2.306,2.306,2.931,1,,,,,,,,,,,,,,,,,,,,,${e://Field/Currency}${e://Field/Amount} ${e://Field/Commodity} with a 77% chance,1.15,1.15,2.997,1,,,,,,,,,,,,,,,,,,,,,,,,,,,,,,,${e://Field/Currency}$e{ e://Field/Amount / 2 } ${e://Field/Commodity} for sure,1.604,1.604,2.975,1,,,,,,,,,,,,,,,,,,,,,${e://Field/Currency}${e://Field/Amount} ${e://Field/Commodity} with a 72% chance,3.702,3.702,4.486,1,,,,,,,,,,,,,,,,,,,,,,,,,,,,,,,,,,,,,,,,,,,,,,,,,,,,,,,,,,,,,,,,,,,,,,
R_D0mNzKkJCKbMi7n,${e://Field/Currency}$e{ e://Field/Amount / 2 } ${e://Field/Commodity} for sure,2.514,2.514,3.787,1,${e://Field/Currency}${e://Field/Amount} ${e://Field/Commodity} with an 92% chance,2.117,2.117,3.13,1,,,,,,,,,,,,,,,,,,,,,${e://Field/Currency}${e://Field/Amount} ${e://Field/Commodity} with a 77% chance,1.734,1.734,3.233,1,,,,,,,,,,,,,,,,,,,,,,,,,,,,,,,${e://Field/Currency}$e{ e://Field/Amount / 2 } ${e://Field/Commodity} for sure,0.812,0.812,3.471,1,,,,,,,,,,,,,,,,,,,,,${e://Field/Currency}${e://Field/Amount} ${e://Field/Commodity} with a 72% chance,1.959,1.959,3.025,1,,,,,,,,,,,,,,,,,,,,,,,,,,,,,,,,,,,,,,,,,,,,,,,,,,,,,,,,,,,,,,,,,,,,,,
R_1ib9lTkJYjDpqfD,${e://Field/Currency}$e{ e://Field/Amount / 2 } ${e://Field/Commodity} for sure,121.247,121.247,122.885,1,${e://Field/Currency}${e://Field/Amount} ${e://Field/Commodity} with an 92% chance,2.773,4.005,4.712,2,,,,,,,,,,,,,,,,,,,,,${e://Field/Currency}$e{ e://Field/Amount / 2 } ${e://Field/Commodity} for sure,2.449,2.449,3.845,1,,,,,,${e://Field/Currency}${e://Field/Amount} ${e://Field/Commodity} with a 86% chance,3.879,3.879,5.2,1,,,,,,,,,,,,,,,,,,,,,,,,,,,,,,,,,,,,,,,,,,,,,,,,,,,,,,,,,,,,,,,,,,,,,,,,,,,,,,,,,,,,,,,,,,,,,,,,${e://Field/Currency}${e://Field/Amount} ${e://Field/Commodity} with an 82% chance,2.37,2.37,3.882,1,,,,,,,,,,,,,,,,,,,,
R_87XxrghjDqkEkG5,${e://Field/Currency}$e{ e://Field/Amount / 2 } ${e://Field/Commodity} for sure,4.508,4.508,5.143,1,${e://Field/Currency}${e://Field/Amount} ${e://Field/Commodity} with an 92% chance,1.427,1.427,2.796,1,,,,,,,,,,,,,,,,,,,,,${e://Field/Currency}${e://Field/Amount} ${e://Field/Commodity} with a 77% chance,1.3,1.3,2.701,1,,,,,,,,,,,,,,,,,,,,,,,,,,,,,,,${e://Field/Currency}${e://Field/Amount} ${e://Field/Commodity} with a 65% chance,0.001,1.103,2.806,2,,,,,,,,,,,,,,,,,,,,,,,,,,,,,,,,,,,,,,,,,,,,,,,,,,,,,,,,,,,,,,,,,,${e://Field/Currency}${e://Field/Amount} ${e://Field/Commodity} with a 58% chance,1.634,1.634,2.768,1,,,,,,,,,,,,,,,,,,,,,,,,,
R_x9NS6Io6MjVRTJT,${e://Field/Currency}$e{ e://Field/Amount / 2 } ${e://Field/Commodity} for sure,12.494,12.494,13.496,1,${e://Field/Currency}$e{ e://Field/Amount / 2 } ${e://Field/Commodity} for sure,7.543,7.543,8.619,1,,,,,,${e://Field/Currency}$e{ e://Field/Amount / 2 } ${e://Field/Commodity} for sure,1.273,1.273,2.911,1,,,,,,,,,,,,,,,,${e://Field/Currency}$e{ e://Field/Amount / 2 } ${e://Field/Commodity} for sure,1.43,1.43,3.18,1,,,,,,,,,,,,,,,,,,,,,,,,,,,,,,,,,,,,${e://Field/Currency}$e{ e://Field/Amount / 2 } ${e://Field/Commodity} for sure,0.957,0.957,3.258,1,,,,,,,,,,,,,,,,,,,,,,,,,,,,,,,,,,,,,,,,,,,,,,,,,,,,,,,,,,,,,,,,,,,,,,,,,,,,"${e://Field/Currency}${e://Field/Amount} ${e://Field/Commodity}
with a 99% chance",4.527,4.527,5.341,1,,,,,
R_NVEhluzSwOVC0GR,${e://Field/Currency}$e{ e://Field/Amount / 2 } ${e://Field/Commodity} for sure,4.355,4.355,5.656,1,${e://Field/Currency}${e://Field/Amount} ${e://Field/Commodity} with an 92% chance,2.787,2.787,3.703,1,,,,,,,,,,,,,,,,,,,,,${e://Field/Currency}$e{ e://Field/Amount / 2 } ${e://Field/Commodity} for sure,1.676,1.676,4.907,1,,,,,,${e://Field/Currency}${e://Field/Amount} ${e://Field/Commodity} with a 86% chance,4.772,4.772,5.7,1,,,,,,,,,,,,,,,,,,,,,,,,,,,,,,,,,,,,,,,,,,,,,,,,,,,,,,,,,,,,,,,,,,,,,,,,,,,,,,,,,,,,,,,,,,,,,,,,${e://Field/Currency}${e://Field/Amount} ${e://Field/Commodity} with an 82% chance,2.133,2.133,4.623,1,,,,,,,,,,,,,,,,,,,,
R_4YlOabjbs0eFelr,${e://Field/Currency}${e://Field/Amount} ${e://Field/Commodity} with a 50% chance,4.21,4.21,6.255,1,,,,,,"${e://Field/Currency}$e{ e://Field/Amount / 2 } ${e://Field/Commodity}
for sure",2.849,3.565,3.663,2,,,,,,${e://Field/Currency}$e{ e://Field/Amount / 2 } ${e://Field/Commodity} for sure,2.427,2.427,3.201,1,,,,,,,,,,,,,,,,,,,,,,,,,,${e://Field/Currency}${e://Field/Amount} ${e://Field/Commodity} with a 35% chance,2.567,4.066,4.581,2,,,,,,,,,,,,,,,,,,,,,,,,,,,,,,,,,,,,,,,,,,,,,,${e://Field/Currency}$e{ e://Field/Amount / 2 } ${e://Field/Commodity} for sure,2.286,3.703,3.898,2,,,,,,,,,,,,,,,,,,,,,,,,,,,,,,,,,,,,,,,,,,,,,,,,,,,,,,,,,,,,
R_BRG7xQ6Rg6Ron7z,${e://Field/Currency}$e{ e://Field/Amount / 2 } ${e://Field/Commodity} for sure,2.229,2.229,3.365,1,${e://Field/Currency}$e{ e://Field/Amount / 2 } ${e://Field/Commodity} for sure,0.763,0.763,3.204,1,,,,,,${e://Field/Currency}${e://Field/Amount} ${e://Field/Commodity} with a 97.5% chance,0.829,0.829,2.991,1,,,,,,,,,,,,,,,,,,,,,,,,,,,,,,,,,,,,,,,,,,,,,,,,,,,${e://Field/Currency}${e://Field/Amount} ${e://Field/Commodity} with a 96% chance,1.047,1.047,3.022,1,,,,,,,,,,,,,,,,,,,,,,,,,,,,,,,,,,,,,,,,,,,,,,,,,,,,,,,,,,,,,,,,,,,,,,,${e://Field/Currency}$e{ e://Field/Amount / 2 } ${e://Field/Commodity} for sure,1.703,2.905,3.632,2,,,,,,,,,,,,,,,
R_3DvzBjbbNeynSCP,${e://Field/Currency}$e{ e://Field/Amount / 2 } ${e://Field/Commodity} for sure,3.014,3.256,4.202,2,${e://Field/Currency}${e://Field/Amount} ${e://Field/Commodity} with an 92% chance,2.096,2.348,3.402,2,,,,,,,,,,,,,,,,,,,,,${e://Field/Currency}${e://Field/Amount} ${e://Field/Commodity} with a 77% chance,3.6,3.829,4.806,2,,,,,,,,,,,,,,,,,,,,,,,,,,,,,,,${e://Field/Currency}${e://Field/Amount} ${e://Field/Commodity} with a 65% chance,1.729,1.929,3.244,2,,,,,,,,,,,,,,,,,,,,,,,,,,,,,,,,,,,,,,,,,,,,,,,,,,,,,,,,,,,,,,,,,,${e://Field/Currency}${e://Field/Amount} ${e://Field/Commodity} with a 58% chance,1.587,1.79,3.265,2,,,,,,,,,,,,,,,,,,,,,,,,,
R_bqJwDPtxW26ohAB,${e://Field/Currency}$e{ e://Field/Amount / 2 } ${e://Field/Commodity} for sure,3.938,3.938,5.491,1,${e://Field/Currency}${e://Field/Amount} ${e://Field/Commodity} with an 92% chance,1.859,1.859,3.051,1,,,,,,,,,,,,,,,,,,,,,${e://Field/Currency}${e://Field/Amount} ${e://Field/Commodity} with a 77% chance,2.355,2.355,2.946,1,,,,,,,,,,,,,,,,,,,,,,,,,,,,,,,${e://Field/Currency}$e{ e://Field/Amount / 2 } ${e://Field/Commodity} for sure,0.466,0.466,3.425,1,,,,,,,,,,,,,,,,,,,,,${e://Field/Currency}${e://Field/Amount} ${e://Field/Commodity} with a 72% chance,1.679,1.679,3.321,1,,,,,,,,,,,,,,,,,,,,,,,,,,,,,,,,,,,,,,,,,,,,,,,,,,,,,,,,,,,,,,,,,,,,,,
R_24vfkbbkxz9tBjX,${e://Field/Currency}$e{ e://Field/Amount / 2 } ${e://Field/Commodity} for sure,3.601,3.601,4.551,1,${e://Field/Currency}${e://Field/Amount} ${e://Field/Commodity} with an 92% chance,2.284,2.284,3.029,1,,,,,,,,,,,,,,,,,,,,,${e://Field/Currency}${e://Field/Amount} ${e://Field/Commodity} with a 77% chance,3.883,3.883,4.79,1,,,,,,,,,,,,,,,,,,,,,,,,,,,,,,,${e://Field/Currency}$e{ e://Field/Amount / 2 } ${e://Field/Commodity} for sure,1.83,1.83,3.123,1,,,,,,,,,,,,,,,,,,,,,${e://Field/Currency}${e://Field/Amount} ${e://Field/Commodity} with a 72% chance,1.019,1.019,5.734,1,,,,,,,,,,,,,,,,,,,,,,,,,,,,,,,,,,,,,,,,,,,,,,,,,,,,,,,,,,,,,,,,,,,,,,
R_Tu8exVmxOYcwyUF,${e://Field/Currency}$e{ e://Field/Amount / 2 } ${e://Field/Commodity} for sure,2.907,2.907,3.901,1,${e://Field/Currency}${e://Field/Amount} ${e://Field/Commodity} with an 92% chance,1.989,1.989,2.956,1,,,,,,,,,,,,,,,,,,,,,${e://Field/Currency}${e://Field/Amount} ${e://Field/Commodity} with a 77% chance,2.117,2.117,2.808,1,,,,,,,,,,,,,,,,,,,,,,,,,,,,,,,${e://Field/Currency}$e{ e://Field/Amount / 2 } ${e://Field/Commodity} for sure,5.307,5.307,6.003,1,,,,,,,,,,,,,,,,,,,,,${e://Field/Currency}${e://Field/Amount} ${e://Field/Commodity} with a 72% chance,1.371,1.371,3.187,1,,,,,,,,,,,,,,,,,,,,,,,,,,,,,,,,,,,,,,,,,,,,,,,,,,,,,,,,,,,,,,,,,,,,,,
R_swkoiPM3erzamDT,${e://Field/Currency}$e{ e://Field/Amount / 2 } ${e://Field/Commodity} for sure,5.011,5.011,5.852,1,${e://Field/Currency}${e://Field/Amount} ${e://Field/Commodity} with an 92% chance,1.171,1.171,3.409,1,,,,,,,,,,,,,,,,,,,,,${e://Field/Currency}$e{ e://Field/Amount / 2 } ${e://Field/Commodity} for sure,1.565,3.578,4.136,2,,,,,,${e://Field/Currency}${e://Field/Amount} ${e://Field/Commodity} with a 86% chance,3.837,4.592,5.315,2,,,,,,,,,,,,,,,,,,,,,,,,,,,,,,,,,,,,,,,,,,,,,,,,,,,,,,,,,,,,,,,,,,,,,,,,,,,,,,,,,,,,,,,,,,,,,,,,${e://Field/Currency}${e://Field/Amount} ${e://Field/Commodity} with an 82% chance,68.625,68.625,69.152,1,,,,,,,,,,,,,,,,,,,,
R_3k6NA7AeSrYJ5BR,${e://Field/Currency}$e{ e://Field/Amount / 2 } ${e://Field/Commodity} for sure,4.351,4.351,5.474,1,${e://Field/Currency}$e{ e://Field/Amount / 2 } ${e://Field/Commodity} for sure,2.774,2.774,4.781,1,,,,,,${e://Field/Currency}$e{ e://Field/Amount / 2 } ${e://Field/Commodity} for sure,2.351,2.351,8.071,1,,,,,,,,,,,,,,,,${e://Field/Currency}$e{ e://Field/Amount / 2 } ${e://Field/Commodity} for sure,2.705,2.705,3.893,1,,,,,,,,,,,,,,,,,,,,,,,,,,,,,,,,,,,,${e://Field/Currency}$e{ e://Field/Amount / 2 } ${e://Field/Commodity} for sure,3.891,3.891,6.048,1,,,,,,,,,,,,,,,,,,,,,,,,,,,,,,,,,,,,,,,,,,,,,,,,,,,,,,,,,,,,,,,,,,,,,,,,,,,,"${e://Field/Currency}${e://Field/Amount} ${e://Field/Commodity}
with a 99% chance",3.203,3.203,4.092,1,,,,,
R_2aJi0D1jb7zmPmi,${e://Field/Currency}$e{ e://Field/Amount / 2 } ${e://Field/Commodity} for sure,3.996,3.996,5.011,1,${e://Field/Currency}${e://Field/Amount} ${e://Field/Commodity} with an 92% chance,2.185,2.185,3.042,1,,,,,,,,,,,,,,,,,,,,,${e://Field/Currency}$e{ e://Field/Amount / 2 } ${e://Field/Commodity} for sure,10.877,10.877,11.532,1,,,,,,${e://Field/Currency}$e{ e://Field/Amount / 2 } ${e://Field/Commodity} for sure,3.165,3.165,3.812,1,,,,,,,,,,,,,,,,,,,,,,,,,,,,,,,,,,,,,,,,,${e://Field/Currency}${e://Field/Amount} ${e://Field/Commodity} with a 90% chance,0.688,3.169,3.828,3,,,,,,,,,,,,,,,,,,,,,,,,,,,,,,,,,,,,,,,,,,,,,,,,,,,,,,,,,,,,,,,,,,,,,,,,,,,
R_2Y2KSwpTpOxq1YF,${e://Field/Currency}$e{ e://Field/Amount / 2 } ${e://Field/Commodity} for sure,5.17,5.17,6.353,1,${e://Field/Currency}${e://Field/Amount} ${e://Field/Commodity} with an 92% chance,3.497,3.497,4.685,1,,,,,,,,,,,,,,,,,,,,,${e://Field/Currency}$e{ e://Field/Amount / 2 } ${e://Field/Commodity} for sure,3.179,3.179,4.443,1,,,,,,${e://Field/Currency}$e{ e://Field/Amount / 2 } ${e://Field/Commodity} for sure,2.369,2.369,3.435,1,,,,,,,,,,,,,,,,,,,,,,,,,,,,,,,,,,,,,,,,,${e://Field/Currency}${e://Field/Amount} ${e://Field/Commodity} with a 90% chance,1.702,1.702,4.358,1,,,,,,,,,,,,,,,,,,,,,,,,,,,,,,,,,,,,,,,,,,,,,,,,,,,,,,,,,,,,,,,,,,,,,,,,,,,
R_1GCSpidSGO9LHJf,${e://Field/Currency}$e{ e://Field/Amount / 2 } ${e://Field/Commodity} for sure,6.69,6.69,7.555,1,${e://Field/Currency}${e://Field/Amount} ${e://Field/Commodity} with an 92% chance,3.611,3.611,4.38,1,,,,,,,,,,,,,,,,,,,,,${e://Field/Currency}$e{ e://Field/Amount / 2 } ${e://Field/Commodity} for sure,1.054,1.054,3.359,1,,,,,,${e://Field/Currency}$e{ e://Field/Amount / 2 } ${e://Field/Commodity} for sure,1.561,1.561,3.161,1,,,,,,,,,,,,,,,,,,,,,,,,,,,,,,,,,,,,,,,,,${e://Field/Currency}${e://Field/Amount} ${e://Field/Commodity} with a 90% chance,1.137,1.137,3.189,1,,,,,,,,,,,,,,,,,,,,,,,,,,,,,,,,,,,,,,,,,,,,,,,,,,,,,,,,,,,,,,,,,,,,,,,,,,,
R_3qWf4fwML8NxZnL,${e://Field/Currency}${e://Field/Amount} ${e://Field/Commodity} with a 50% chance,0.89,9.276,10.008,6,,,,,,"${e://Field/Currency}$e{ e://Field/Amount / 2 } ${e://Field/Commodity}
for sure",0.934,6.897,7.604,6,,,,,,${e://Field/Currency}$e{ e://Field/Amount / 2 } ${e://Field/Commodity} for sure,0.783,4.241,5.045,4,,,,,,,,,,,,,,,,,,,,,,,,,,${e://Field/Currency}$e{ e://Field/Amount / 2 } ${e://Field/Commodity} for sure,1.138,2.723,3.304,4,,,,,,,,,,,,,,,,,,,,,,,,,,,,,,,,,,,,,,,,,${e://Field/Currency}$e{ e://Field/Amount / 2 } ${e://Field/Commodity} for sure,0.482,2.793,3.307,5,,,,,,,,,,,,,,,,,,,,,,,,,,,,,,,,,,,,,,,,,,,,,,,,,,,,,,,,,,,,,,,,,
R_oZXWYNJ3rPTE8yl,${e://Field/Currency}$e{ e://Field/Amount / 2 } ${e://Field/Commodity} for sure,5.898,5.898,6.578,1,${e://Field/Currency}${e://Field/Amount} ${e://Field/Commodity} with an 92% chance,1.385,1.385,2.936,1,,,,,,,,,,,,,,,,,,,,,${e://Field/Currency}${e://Field/Amount} ${e://Field/Commodity} with a 77% chance,1.449,1.449,2.881,1,,,,,,,,,,,,,,,,,,,,,,,,,,,,,,,${e://Field/Currency}$e{ e://Field/Amount / 2 } ${e://Field/Commodity} for sure,1.396,1.396,2.811,1,,,,,,,,,,,,,,,,,,,,,${e://Field/Currency}$e{ e://Field/Amount / 2 } ${e://Field/Commodity} for sure,1.71,1.71,2.892,1,,,,,,,,,,,,,,,,,,,,,,,,,,,,,,,,,,,,,,,,,,,,,,,,,,,,,,,,,,,,,,,,,,,,,,
R_1QmwUXBhFehlrsr,${e://Field/Currency}$e{ e://Field/Amount / 2 } ${e://Field/Commodity} for sure,55.632,58.01,58.596,2,${e://Field/Currency}$e{ e://Field/Amount / 2 } ${e://Field/Commodity} for sure,0.955,0.955,2.979,1,,,,,,${e://Field/Currency}${e://Field/Amount} ${e://Field/Commodity} with a 97.5% chance,0.916,2.199,2.919,2,,,,,,,,,,,,,,,,,,,,,,,,,,,,,,,,,,,,,,,,,,,,,,,,,,,${e://Field/Currency}$e{ e://Field/Amount / 2 } ${e://Field/Commodity} for sure,1.221,1.221,3.092,1,,,,,,${e://Field/Currency}$e{ e://Field/Amount / 2 } ${e://Field/Commodity} for sure,2.005,2.369,2.925,2,,,,,,,,,,,,,,,,,,,,,,,,,,,,,,,,,,,,,,,,,,,,,,,,,,,,,,,,,,,,,,,,,,,,,,,,,,,,,,,,
R_2Vr5lQu8F9ohd4V,${e://Field/Currency}$e{ e://Field/Amount / 2 } ${e://Field/Commodity} for sure,1.595,1.595,3.118,1,${e://Field/Currency}${e://Field/Amount} ${e://Field/Commodity} with an 92% chance,0.641,2.837,3.115,2,,,,,,,,,,,,,,,,,,,,,${e://Field/Currency}${e://Field/Amount} ${e://Field/Commodity} with a 77% chance,0.966,0.966,3.447,1,,,,,,,,,,,,,,,,,,,,,,,,,,,,,,,${e://Field/Currency}${e://Field/Amount} ${e://Field/Commodity} with a 65% chance,1.801,1.801,3.429,1,,,,,,,,,,,,,,,,,,,,,,,,,,,,,,,,,,,,,,,,,,,,,,,,,,,,,,,,,,,,,,,,,,${e://Field/Currency}$e{ e://Field/Amount / 2 } ${e://Field/Commodity} for sure,1.317,1.317,3.008,1,,,,,,,,,,,,,,,,,,,,,,,,,
R_O0VmbTVTho1UEjT,${e://Field/Currency}$e{ e://Field/Amount / 2 } ${e://Field/Commodity} for sure,4.344,4.344,5.47,1,${e://Field/Currency}${e://Field/Amount} ${e://Field/Commodity} with an 92% chance,2.833,2.833,3.736,1,,,,,,,,,,,,,,,,,,,,,${e://Field/Currency}${e://Field/Amount} ${e://Field/Commodity} with a 77% chance,2.541,2.813,3.57,2,,,,,,,,,,,,,,,,,,,,,,,,,,,,,,,${e://Field/Currency}$e{ e://Field/Amount / 2 } ${e://Field/Commodity} for sure,3.779,3.779,4.46,1,,,,,,,,,,,,,,,,,,,,,${e://Field/Currency}${e://Field/Amount} ${e://Field/Commodity} with a 72% chance,1.771,1.771,3.215,1,,,,,,,,,,,,,,,,,,,,,,,,,,,,,,,,,,,,,,,,,,,,,,,,,,,,,,,,,,,,,,,,,,,,,,
R_2V1n0c0LkHvAEem,${e://Field/Currency}$e{ e://Field/Amount / 2 } ${e://Field/Commodity} for sure,2.766,2.766,4.151,1,${e://Field/Currency}${e://Field/Amount} ${e://Field/Commodity} with an 92% chance,6.806,6.806,7.6,1,,,,,,,,,,,,,,,,,,,,,${e://Field/Currency}${e://Field/Amount} ${e://Field/Commodity} with a 77% chance,1.083,1.083,3.117,1,,,,,,,,,,,,,,,,,,,,,,,,,,,,,,,${e://Field/Currency}$e{ e://Field/Amount / 2 } ${e://Field/Commodity} for sure,0.95,1.97,2.9,2,,,,,,,,,,,,,,,,,,,,,${e://Field/Currency}${e://Field/Amount} ${e://Field/Commodity} with a 72% chance,1.265,1.265,3.113,1,,,,,,,,,,,,,,,,,,,,,,,,,,,,,,,,,,,,,,,,,,,,,,,,,,,,,,,,,,,,,,,,,,,,,,
R_1GN9G0mjkTDXkuS,${e://Field/Currency}$e{ e://Field/Amount / 2 } ${e://Field/Commodity} for sure,2.802,3.057,4.261,2,${e://Field/Currency}${e://Field/Amount} ${e://Field/Commodity} with an 92% chance,1.651,1.867,3.27,2,,,,,,,,,,,,,,,,,,,,,${e://Field/Currency}${e://Field/Amount} ${e://Field/Commodity} with a 77% chance,3.137,3.369,4.248,2,,,,,,,,,,,,,,,,,,,,,,,,,,,,,,,${e://Field/Currency}$e{ e://Field/Amount / 2 } ${e://Field/Commodity} for sure,1.26,1.491,3.304,2,,,,,,,,,,,,,,,,,,,,,${e://Field/Currency}$e{ e://Field/Amount / 2 } ${e://Field/Commodity} for sure,3.236,3.451,4.323,2,,,,,,,,,,,,,,,,,,,,,,,,,,,,,,,,,,,,,,,,,,,,,,,,,,,,,,,,,,,,,,,,,,,,,,
R_2YQFnxLRhsFxp0f,${e://Field/Currency}$e{ e://Field/Amount / 2 } ${e://Field/Commodity} for sure,3.054,3.054,3.815,1,${e://Field/Currency}$e{ e://Field/Amount / 2 } ${e://Field/Commodity} for sure,2.669,2.669,3.499,1,,,,,,${e://Field/Currency}${e://Field/Amount} ${e://Field/Commodity} with a 97.5% chance,0.445,4.032,4.038,3,,,,,,,,,,,,,,,,,,,,,,,,,,,,,,,,,,,,,,,,,,,,,,,,,,,${e://Field/Currency}${e://Field/Amount} ${e://Field/Commodity} with a 96% chance,0.718,1.429,4.024,2,,,,,,,,,,,,,,,,,,,,,,,,,,,,,,,,,,,,,,,,,,,,,,,,,,,,,,,,,,,,,,,,,,,,,,,${e://Field/Currency}${e://Field/Amount} ${e://Field/Commodity} with a 94% chance,0.471,2.927,2.951,2,,,,,,,,,,,,,,,
R_2tth9QYpX1dubdj,${e://Field/Currency}$e{ e://Field/Amount / 2 } ${e://Field/Commodity} for sure,15.801,19.287,20.574,2,${e://Field/Currency}${e://Field/Amount} ${e://Field/Commodity} with an 92% chance,43.065,43.065,44.697,1,,,,,,,,,,,,,,,,,,,,,${e://Field/Currency}${e://Field/Amount} ${e://Field/Commodity} with a 77% chance,14.867,14.867,19.286,1,,,,,,,,,,,,,,,,,,,,,,,,,,,,,,,${e://Field/Currency}${e://Field/Amount} ${e://Field/Commodity} with a 65% chance,6.989,6.989,8.401,1,,,,,,,,,,,,,,,,,,,,,,,,,,,,,,,,,,,,,,,,,,,,,,,,,,,,,,,,,,,,,,,,,,${e://Field/Currency}$e{ e://Field/Amount / 2 } ${e://Field/Commodity} for sure,1.298,1.298,3.346,1,,,,,,,,,,,,,,,,,,,,,,,,,
R_27O92oCPPZSEZv5,${e://Field/Currency}$e{ e://Field/Amount / 2 } ${e://Field/Commodity} for sure,3.841,3.841,4.931,1,${e://Field/Currency}${e://Field/Amount} ${e://Field/Commodity} with an 92% chance,2.67,2.67,3.376,1,,,,,,,,,,,,,,,,,,,,,${e://Field/Currency}$e{ e://Field/Amount / 2 } ${e://Field/Commodity} for sure,2.414,2.414,3.001,1,,,,,,${e://Field/Currency}${e://Field/Amount} ${e://Field/Commodity} with a 86% chance,3.105,3.105,3.612,1,,,,,,,,,,,,,,,,,,,,,,,,,,,,,,,,,,,,,,,,,,,,,,,,,,,,,,,,,,,,,,,,,,,,,,,,,,,,,,,,,,,,,,,,,,,,,,,,${e://Field/Currency}${e://Field/Amount} ${e://Field/Commodity} with an 82% chance,1.489,2.872,3.144,2,,,,,,,,,,,,,,,,,,,,
R_1po0CHv0mgNRzO6,${e://Field/Currency}$e{ e://Field/Amount / 2 } ${e://Field/Commodity} for sure,5.664,5.664,6.387,1,${e://Field/Currency}${e://Field/Amount} ${e://Field/Commodity} with an 92% chance,2.476,2.476,3.788,1,,,,,,,,,,,,,,,,,,,,,${e://Field/Currency}${e://Field/Amount} ${e://Field/Commodity} with a 77% chance,3.628,3.628,4.533,1,,,,,,,,,,,,,,,,,,,,,,,,,,,,,,,${e://Field/Currency}$e{ e://Field/Amount / 2 } ${e://Field/Commodity} for sure,2.172,2.172,2.872,1,,,,,,,,,,,,,,,,,,,,,${e://Field/Currency}${e://Field/Amount} ${e://Field/Commodity} with a 72% chance,1.601,1.601,3.869,1,,,,,,,,,,,,,,,,,,,,,,,,,,,,,,,,,,,,,,,,,,,,,,,,,,,,,,,,,,,,,,,,,,,,,,
R_VLpTw2AMVQiASEV,${e://Field/Currency}$e{ e://Field/Amount / 2 } ${e://Field/Commodity} for sure,2.981,2.981,3.739,1,${e://Field/Currency}${e://Field/Amount} ${e://Field/Commodity} with an 92% chance,1.284,1.284,3.147,1,,,,,,,,,,,,,,,,,,,,,${e://Field/Currency}${e://Field/Amount} ${e://Field/Commodity} with a 77% chance,2.449,2.449,3.154,1,,,,,,,,,,,,,,,,,,,,,,,,,,,,,,,${e://Field/Currency}$e{ e://Field/Amount / 2 } ${e://Field/Commodity} for sure,1.57,1.57,2.939,1,,,,,,,,,,,,,,,,,,,,,${e://Field/Currency}$e{ e://Field/Amount / 2 } ${e://Field/Commodity} for sure,1.674,1.674,2.929,1,,,,,,,,,,,,,,,,,,,,,,,,,,,,,,,,,,,,,,,,,,,,,,,,,,,,,,,,,,,,,,,,,,,,,,
R_2at7eNwTCHjIJUJ,${e://Field/Currency}${e://Field/Amount} ${e://Field/Commodity} with a 50% chance,1.462,1.462,3.18,1,,,,,,${e://Field/Currency}${e://Field/Amount} ${e://Field/Commodity} with a 8% chance,266.437,266.437,267.141,1,,,,,,,,,,,${e://Field/Currency}$e{ e://Field/Amount / 2 } ${e://Field/Commodity} for sure,0.434,1.508,4.659,3,,,,,,,,,,,,,,,,,,,,,,,,,,${e://Field/Currency}${e://Field/Amount} ${e://Field/Commodity} with a 4% chance,11.737,13.315,13.952,2,,,,,,,,,,,,,,,,,,,,,,,,,,,,,,,,,,,,,,,,,,,,,,,,,,,,,,,,,,,,,,,,,,,,,,,${e://Field/Currency}$e{ e://Field/Amount / 2 } ${e://Field/Commodity} for sure,7.203,7.918,8.624,2,,,,,,,,,,,,,,,,,,,,,,,,,,,,,,
R_3HHqKckdS5oeKLk,${e://Field/Currency}$e{ e://Field/Amount / 2 } ${e://Field/Commodity} for sure,0.54,0.54,2.692,1,${e://Field/Currency}${e://Field/Amount} ${e://Field/Commodity} with an 92% chance,0.891,0.891,2.504,1,,,,,,,,,,,,,,,,,,,,,${e://Field/Currency}$e{ e://Field/Amount / 2 } ${e://Field/Commodity} for sure,0.856,2.806,3.196,5,,,,,,${e://Field/Currency}$e{ e://Field/Amount / 2 } ${e://Field/Commodity} for sure,0.874,2.271,2.592,5,,,,,,,,,,,,,,,,,,,,,,,,,,,,,,,,,,,,,,,,,${e://Field/Currency}${e://Field/Amount} ${e://Field/Commodity} with a 90% chance,0.503,2.231,2.587,8,,,,,,,,,,,,,,,,,,,,,,,,,,,,,,,,,,,,,,,,,,,,,,,,,,,,,,,,,,,,,,,,,,,,,,,,,,,
R_3fVvorSc978p1L8,${e://Field/Currency}$e{ e://Field/Amount / 2 } ${e://Field/Commodity} for sure,40.166,40.404,41.577,2,${e://Field/Currency}${e://Field/Amount} ${e://Field/Commodity} with an 92% chance,6.815,7.094,8.772,2,,,,,,,,,,,,,,,,,,,,,${e://Field/Currency}${e://Field/Amount} ${e://Field/Commodity} with a 77% chance,11.101,11.354,13.166,2,,,,,,,,,,,,,,,,,,,,,,,,,,,,,,,${e://Field/Currency}$e{ e://Field/Amount / 2 } ${e://Field/Commodity} for sure,4.76,5.038,5.811,2,,,,,,,,,,,,,,,,,,,,,${e://Field/Currency}${e://Field/Amount} ${e://Field/Commodity} with a 72% chance,7.374,7.575,15.366,2,,,,,,,,,,,,,,,,,,,,,,,,,,,,,,,,,,,,,,,,,,,,,,,,,,,,,,,,,,,,,,,,,,,,,,
R_2zBBLABjd06zIzP,${e://Field/Currency}$e{ e://Field/Amount / 2 } ${e://Field/Commodity} for sure,3.105,3.105,4.354,1,${e://Field/Currency}${e://Field/Amount} ${e://Field/Commodity} with an 92% chance,1.959,1.959,3.083,1,,,,,,,,,,,,,,,,,,,,,${e://Field/Currency}${e://Field/Amount} ${e://Field/Commodity} with a 77% chance,1.072,1.072,2.949,1,,,,,,,,,,,,,,,,,,,,,,,,,,,,,,,${e://Field/Currency}$e{ e://Field/Amount / 2 } ${e://Field/Commodity} for sure,2.037,2.037,3.34,1,,,,,,,,,,,,,,,,,,,,,${e://Field/Currency}${e://Field/Amount} ${e://Field/Commodity} with a 72% chance,1.799,1.799,3.091,1,,,,,,,,,,,,,,,,,,,,,,,,,,,,,,,,,,,,,,,,,,,,,,,,,,,,,,,,,,,,,,,,,,,,,,
R_3BCYPmEjhKRpeMx,${e://Field/Currency}$e{ e://Field/Amount / 2 } ${e://Field/Commodity} for sure,7.502,7.502,8.85,1,${e://Field/Currency}${e://Field/Amount} ${e://Field/Commodity} with an 92% chance,4.838,4.838,5.701,1,,,,,,,,,,,,,,,,,,,,,${e://Field/Currency}$e{ e://Field/Amount / 2 } ${e://Field/Commodity} for sure,3.295,3.295,4.201,1,,,,,,${e://Field/Currency}$e{ e://Field/Amount / 2 } ${e://Field/Commodity} for sure,3.201,3.201,4.258,1,,,,,,,,,,,,,,,,,,,,,,,,,,,,,,,,,,,,,,,,,${e://Field/Currency}${e://Field/Amount} ${e://Field/Commodity} with a 90% chance,3.401,3.401,4.769,1,,,,,,,,,,,,,,,,,,,,,,,,,,,,,,,,,,,,,,,,,,,,,,,,,,,,,,,,,,,,,,,,,,,,,,,,,,,
R_3Q0gPIMIolDVjFz,${e://Field/Currency}${e://Field/Amount} ${e://Field/Commodity} with a 50% chance,3.114,3.114,4.274,1,,,,,,"${e://Field/Currency}$e{ e://Field/Amount / 2 } ${e://Field/Commodity}
for sure",3.773,3.773,4.834,1,,,,,,${e://Field/Currency}$e{ e://Field/Amount / 2 } ${e://Field/Commodity} for sure,3.36,3.36,4.403,1,,,,,,,,,,,,,,,,,,,,,,,,,,${e://Field/Currency}$e{ e://Field/Amount / 2 } ${e://Field/Commodity} for sure,2.794,2.794,3.623,1,,,,,,,,,,,,,,,,,,,,,,,,,,,,,,,,,,,,,,,,,${e://Field/Currency}$e{ e://Field/Amount / 2 } ${e://Field/Commodity} for sure,0.974,0.974,4.305,1,,,,,,,,,,,,,,,,,,,,,,,,,,,,,,,,,,,,,,,,,,,,,,,,,,,,,,,,,,,,,,,,,
R_1OWj3YptIMme7DJ,${e://Field/Currency}$e{ e://Field/Amount / 2 } ${e://Field/Commodity} for sure,2.995,2.995,4.283,1,${e://Field/Currency}${e://Field/Amount} ${e://Field/Commodity} with an 92% chance,2.044,2.044,3.419,1,,,,,,,,,,,,,,,,,,,,,${e://Field/Currency}${e://Field/Amount} ${e://Field/Commodity} with a 77% chance,1.55,1.55,3.443,1,,,,,,,,,,,,,,,,,,,,,,,,,,,,,,,${e://Field/Currency}$e{ e://Field/Amount / 2 } ${e://Field/Commodity} for sure,1.907,2.75,4.281,2,,,,,,,,,,,,,,,,,,,,,${e://Field/Currency}$e{ e://Field/Amount / 2 } ${e://Field/Commodity} for sure,2.582,2.582,3.539,1,,,,,,,,,,,,,,,,,,,,,,,,,,,,,,,,,,,,,,,,,,,,,,,,,,,,,,,,,,,,,,,,,,,,,,
R_11dzyH7rm9tEqhA,${e://Field/Currency}$e{ e://Field/Amount / 2 } ${e://Field/Commodity} for sure,6.409,6.409,7.149,1,${e://Field/Currency}${e://Field/Amount} ${e://Field/Commodity} with an 92% chance,1.412,1.412,3.953,1,,,,,,,,,,,,,,,,,,,,,${e://Field/Currency}${e://Field/Amount} ${e://Field/Commodity} with a 77% chance,1.454,1.454,4.926,1,,,,,,,,,,,,,,,,,,,,,,,,,,,,,,,${e://Field/Currency}$e{ e://Field/Amount / 2 } ${e://Field/Commodity} for sure,1.468,1.468,2.951,1,,,,,,,,,,,,,,,,,,,,,${e://Field/Currency}${e://Field/Amount} ${e://Field/Commodity} with a 72% chance,1.237,1.237,3.012,1,,,,,,,,,,,,,,,,,,,,,,,,,,,,,,,,,,,,,,,,,,,,,,,,,,,,,,,,,,,,,,,,,,,,,,
R_USX47TFofvDDaSJ,${e://Field/Currency}$e{ e://Field/Amount / 2 } ${e://Field/Commodity} for sure,3.464,4.92,6.15,2,${e://Field/Currency}${e://Field/Amount} ${e://Field/Commodity} with an 92% chance,2.178,2.178,4.204,1,,,,,,,,,,,,,,,,,,,,,${e://Field/Currency}${e://Field/Amount} ${e://Field/Commodity} with a 77% chance,0.592,0.592,3.519,1,,,,,,,,,,,,,,,,,,,,,,,,,,,,,,,${e://Field/Currency}${e://Field/Amount} ${e://Field/Commodity} with a 65% chance,1.883,3.035,4.401,2,,,,,,,,,,,,,,,,,,,,,,,,,,,,,,,,,,,,,,,,,,,,,,,,,,,,,,,,,,,,,,,,,,${e://Field/Currency}$e{ e://Field/Amount / 2 } ${e://Field/Commodity} for sure,2.247,2.247,3.25,1,,,,,,,,,,,,,,,,,,,,,,,,,
R_3Rel7UypWmnhbG1,${e://Field/Currency}${e://Field/Amount} ${e://Field/Commodity} with a 50% chance,3.259,3.259,4.23,1,,,,,,"${e://Field/Currency}$e{ e://Field/Amount / 2 } ${e://Field/Commodity}
for sure",2.243,2.243,3.282,1,,,,,,${e://Field/Currency}$e{ e://Field/Amount / 2 } ${e://Field/Commodity} for sure,1.419,1.419,3.079,1,,,,,,,,,,,,,,,,,,,,,,,,,,${e://Field/Currency}$e{ e://Field/Amount / 2 } ${e://Field/Commodity} for sure,1.559,3.181,3.501,3,,,,,,,,,,,,,,,,,,,,,,,,,,,,,,,,,,,,,,,,,${e://Field/Currency}$e{ e://Field/Amount / 2 } ${e://Field/Commodity} for sure,1.099,1.099,2.997,1,,,,,,,,,,,,,,,,,,,,,,,,,,,,,,,,,,,,,,,,,,,,,,,,,,,,,,,,,,,,,,,,,
R_BFGruDav3Lr49yN,${e://Field/Currency}$e{ e://Field/Amount / 2 } ${e://Field/Commodity} for sure,6.051,6.051,6.732,1,${e://Field/Currency}${e://Field/Amount} ${e://Field/Commodity} with an 92% chance,5.503,5.503,6.207,1,,,,,,,,,,,,,,,,,,,,,${e://Field/Currency}${e://Field/Amount} ${e://Field/Commodity} with a 77% chance,3.578,3.578,4.1,1,,,,,,,,,,,,,,,,,,,,,,,,,,,,,,,${e://Field/Currency}$e{ e://Field/Amount / 2 } ${e://Field/Commodity} for sure,1.001,1.001,3.076,1,,,,,,,,,,,,,,,,,,,,,${e://Field/Currency}${e://Field/Amount} ${e://Field/Commodity} with a 72% chance,1.153,1.153,2.926,1,,,,,,,,,,,,,,,,,,,,,,,,,,,,,,,,,,,,,,,,,,,,,,,,,,,,,,,,,,,,,,,,,,,,,,
R_3rGoISw1bZFy4W8,${e://Field/Currency}$e{ e://Field/Amount / 2 } ${e://Field/Commodity} for sure,4.847,4.847,6.067,1,${e://Field/Currency}${e://Field/Amount} ${e://Field/Commodity} with an 92% chance,1.801,1.801,3.077,1,,,,,,,,,,,,,,,,,,,,,${e://Field/Currency}${e://Field/Amount} ${e://Field/Commodity} with a 77% chance,1.244,1.244,2.918,1,,,,,,,,,,,,,,,,,,,,,,,,,,,,,,,${e://Field/Currency}$e{ e://Field/Amount / 2 } ${e://Field/Commodity} for sure,1.073,1.073,2.727,1,,,,,,,,,,,,,,,,,,,,,${e://Field/Currency}$e{ e://Field/Amount / 2 } ${e://Field/Commodity} for sure,0.956,0.956,2.766,1,,,,,,,,,,,,,,,,,,,,,,,,,,,,,,,,,,,,,,,,,,,,,,,,,,,,,,,,,,,,,,,,,,,,,,
R_1H7ARUQez25VaVs,${e://Field/Currency}$e{ e://Field/Amount / 2 } ${e://Field/Commodity} for sure,16.451,16.451,18.448,1,${e://Field/Currency}${e://Field/Amount} ${e://Field/Commodity} with an 92% chance,1.898,5.502,9.288,2,,,,,,,,,,,,,,,,,,,,,${e://Field/Currency}${e://Field/Amount} ${e://Field/Commodity} with a 77% chance,3.424,4.711,6.003,2,,,,,,,,,,,,,,,,,,,,,,,,,,,,,,,${e://Field/Currency}$e{ e://Field/Amount / 2 } ${e://Field/Commodity} for sure,3.576,3.576,5.5,1,,,,,,,,,,,,,,,,,,,,,${e://Field/Currency}${e://Field/Amount} ${e://Field/Commodity} with a 72% chance,6.389,6.389,7.707,1,,,,,,,,,,,,,,,,,,,,,,,,,,,,,,,,,,,,,,,,,,,,,,,,,,,,,,,,,,,,,,,,,,,,,,
R_2aQ5sNOUQxzucd7,${e://Field/Currency}$e{ e://Field/Amount / 2 } ${e://Field/Commodity} for sure,7.566,7.566,8.393,1,${e://Field/Currency}${e://Field/Amount} ${e://Field/Commodity} with an 92% chance,2.587,2.587,3.401,1,,,,,,,,,,,,,,,,,,,,,${e://Field/Currency}$e{ e://Field/Amount / 2 } ${e://Field/Commodity} for sure,2.421,2.421,3.007,1,,,,,,${e://Field/Currency}${e://Field/Amount} ${e://Field/Commodity} with a 86% chance,1.959,1.959,2.771,1,,,,,,,,,,,,,,,,,,,,,,,,,,,,,,,,,,,,,,,,,,,,,,,,,,,,,,,,,,,,,,,,,,,,,,,,,,,,,,,,,,,,,,,,,,,,,,,,${e://Field/Currency}${e://Field/Amount} ${e://Field/Commodity} with an 82% chance,1.285,1.285,2.707,1,,,,,,,,,,,,,,,,,,,,
R_dpeFR0WK4P6oiRz,${e://Field/Currency}$e{ e://Field/Amount / 2 } ${e://Field/Commodity} for sure,4.639,4.639,6.207,1,${e://Field/Currency}${e://Field/Amount} ${e://Field/Commodity} with an 92% chance,3.616,3.616,4.66,1,,,,,,,,,,,,,,,,,,,,,${e://Field/Currency}$e{ e://Field/Amount / 2 } ${e://Field/Commodity} for sure,5.747,5.747,6.498,1,,,,,,${e://Field/Currency}$e{ e://Field/Amount / 2 } ${e://Field/Commodity} for sure,4.506,4.506,5.363,1,,,,,,,,,,,,,,,,,,,,,,,,,,,,,,,,,,,,,,,,,${e://Field/Currency}${e://Field/Amount} ${e://Field/Commodity} with a 90% chance,13.801,13.801,14.504,1,,,,,,,,,,,,,,,,,,,,,,,,,,,,,,,,,,,,,,,,,,,,,,,,,,,,,,,,,,,,,,,,,,,,,,,,,,,
R_1rPTXHlYCb02xmq,${e://Field/Currency}$e{ e://Field/Amount / 2 } ${e://Field/Commodity} for sure,5.598,5.598,7.029,1,${e://Field/Currency}${e://Field/Amount} ${e://Field/Commodity} with an 92% chance,2.078,2.078,3.035,1,,,,,,,,,,,,,,,,,,,,,${e://Field/Currency}${e://Field/Amount} ${e://Field/Commodity} with a 77% chance,2.712,2.712,3.701,1,,,,,,,,,,,,,,,,,,,,,,,,,,,,,,,${e://Field/Currency}$e{ e://Field/Amount / 2 } ${e://Field/Commodity} for sure,1.904,1.904,3.055,1,,,,,,,,,,,,,,,,,,,,,${e://Field/Currency}${e://Field/Amount} ${e://Field/Commodity} with a 72% chance,1.505,1.505,3.638,1,,,,,,,,,,,,,,,,,,,,,,,,,,,,,,,,,,,,,,,,,,,,,,,,,,,,,,,,,,,,,,,,,,,,,,
R_Td8UsajUA2luaOt,${e://Field/Currency}$e{ e://Field/Amount / 2 } ${e://Field/Commodity} for sure,5.281,5.281,6.485,1,${e://Field/Currency}${e://Field/Amount} ${e://Field/Commodity} with an 92% chance,1.811,1.811,3.131,1,,,,,,,,,,,,,,,,,,,,,${e://Field/Currency}$e{ e://Field/Amount / 2 } ${e://Field/Commodity} for sure,2.85,2.85,3.89,1,,,,,,${e://Field/Currency}$e{ e://Field/Amount / 2 } ${e://Field/Commodity} for sure,3.4,3.4,4.271,1,,,,,,,,,,,,,,,,,,,,,,,,,,,,,,,,,,,,,,,,,${e://Field/Currency}${e://Field/Amount} ${e://Field/Commodity} with a 90% chance,2.663,2.663,3.636,1,,,,,,,,,,,,,,,,,,,,,,,,,,,,,,,,,,,,,,,,,,,,,,,,,,,,,,,,,,,,,,,,,,,,,,,,,,,
R_3qrGrvyAenUKGpn,${e://Field/Currency}$e{ e://Field/Amount / 2 } ${e://Field/Commodity} for sure,4.415,4.415,5.382,1,${e://Field/Currency}${e://Field/Amount} ${e://Field/Commodity} with an 92% chance,6.123,6.123,6.974,1,,,,,,,,,,,,,,,,,,,,,${e://Field/Currency}$e{ e://Field/Amount / 2 } ${e://Field/Commodity} for sure,1.673,1.673,3.191,1,,,,,,${e://Field/Currency}$e{ e://Field/Amount / 2 } ${e://Field/Commodity} for sure,1.757,1.757,3.259,1,,,,,,,,,,,,,,,,,,,,,,,,,,,,,,,,,,,,,,,,,${e://Field/Currency}${e://Field/Amount} ${e://Field/Commodity} with a 90% chance,1.207,1.207,4.592,1,,,,,,,,,,,,,,,,,,,,,,,,,,,,,,,,,,,,,,,,,,,,,,,,,,,,,,,,,,,,,,,,,,,,,,,,,,,
R_2ZEWIdGl7pBbZ0e,${e://Field/Currency}$e{ e://Field/Amount / 2 } ${e://Field/Commodity} for sure,6.319,6.319,7.389,1,${e://Field/Currency}${e://Field/Amount} ${e://Field/Commodity} with an 92% chance,3.447,3.447,5.034,1,,,,,,,,,,,,,,,,,,,,,${e://Field/Currency}${e://Field/Amount} ${e://Field/Commodity} with a 77% chance,3.587,3.587,4.257,1,,,,,,,,,,,,,,,,,,,,,,,,,,,,,,,${e://Field/Currency}${e://Field/Amount} ${e://Field/Commodity} with a 65% chance,1.43,1.43,3.041,1,,,,,,,,,,,,,,,,,,,,,,,,,,,,,,,,,,,,,,,,,,,,,,,,,,,,,,,,,,,,,,,,,,${e://Field/Currency}$e{ e://Field/Amount / 2 } ${e://Field/Commodity} for sure,2.438,2.438,3.175,1,,,,,,,,,,,,,,,,,,,,,,,,,
R_3XfKHbidMZNr6Ct,${e://Field/Currency}$e{ e://Field/Amount / 2 } ${e://Field/Commodity} for sure,15.852,15.852,17.08,1,${e://Field/Currency}${e://Field/Amount} ${e://Field/Commodity} with an 92% chance,11.218,11.218,12.122,1,,,,,,,,,,,,,,,,,,,,,${e://Field/Currency}${e://Field/Amount} ${e://Field/Commodity} with a 77% chance,3.8,5.637,6.254,2,,,,,,,,,,,,,,,,,,,,,,,,,,,,,,,${e://Field/Currency}$e{ e://Field/Amount / 2 } ${e://Field/Commodity} for sure,5.797,5.797,6.702,1,,,,,,,,,,,,,,,,,,,,,${e://Field/Currency}${e://Field/Amount} ${e://Field/Commodity} with a 72% chance,1.662,1.662,3.066,1,,,,,,,,,,,,,,,,,,,,,,,,,,,,,,,,,,,,,,,,,,,,,,,,,,,,,,,,,,,,,,,,,,,,,,
R_b9oXnaCMf8VesWB,${e://Field/Currency}${e://Field/Amount} ${e://Field/Commodity} with a 50% chance,4.628,4.628,6.228,1,,,,,,"${e://Field/Currency}$e{ e://Field/Amount / 2 } ${e://Field/Commodity}
for sure",3.945,3.945,5.141,1,,,,,,${e://Field/Currency}$e{ e://Field/Amount / 2 } ${e://Field/Commodity} for sure,2.392,2.392,4.112,1,,,,,,,,,,,,,,,,,,,,,,,,,,${e://Field/Currency}$e{ e://Field/Amount / 2 } ${e://Field/Commodity} for sure,2.738,2.738,3.893,1,,,,,,,,,,,,,,,,,,,,,,,,,,,,,,,,,,,,,,,,,${e://Field/Currency}${e://Field/Amount} ${e://Field/Commodity} with a 42% chance,1.703,1.703,3.744,1,,,,,,,,,,,,,,,,,,,,,,,,,,,,,,,,,,,,,,,,,,,,,,,,,,,,,,,,,,,,,,,,,
R_33wgim6fTArd6Gp,${e://Field/Currency}$e{ e://Field/Amount / 2 } ${e://Field/Commodity} for sure,1.809,1.809,2.602,1,${e://Field/Currency}${e://Field/Amount} ${e://Field/Commodity} with an 92% chance,1.442,1.442,2.505,1,,,,,,,,,,,,,,,,,,,,,${e://Field/Currency}${e://Field/Amount} ${e://Field/Commodity} with a 77% chance,0.386,0.386,3.542,1,,,,,,,,,,,,,,,,,,,,,,,,,,,,,,,${e://Field/Currency}$e{ e://Field/Amount / 2 } ${e://Field/Commodity} for sure,3.814,3.814,4.258,1,,,,,,,,,,,,,,,,,,,,,${e://Field/Currency}${e://Field/Amount} ${e://Field/Commodity} with a 72% chance,0.492,1.087,2.65,2,,,,,,,,,,,,,,,,,,,,,,,,,,,,,,,,,,,,,,,,,,,,,,,,,,,,,,,,,,,,,,,,,,,,,,
R_ssQ6uf2Uce6C5cl,${e://Field/Currency}${e://Field/Amount} ${e://Field/Commodity} with a 50% chance,14.734,14.734,15.715,1,,,,,,"${e://Field/Currency}$e{ e://Field/Amount / 2 } ${e://Field/Commodity}
for sure",2.302,2.302,4.88,1,,,,,,${e://Field/Currency}$e{ e://Field/Amount / 2 } ${e://Field/Commodity} for sure,2.094,2.094,2.989,1,,,,,,,,,,,,,,,,,,,,,,,,,,${e://Field/Currency}$e{ e://Field/Amount / 2 } ${e://Field/Commodity} for sure,1.755,1.755,2.901,1,,,,,,,,,,,,,,,,,,,,,,,,,,,,,,,,,,,,,,,,,${e://Field/Currency}$e{ e://Field/Amount / 2 } ${e://Field/Commodity} for sure,1.635,1.635,3.017,1,,,,,,,,,,,,,,,,,,,,,,,,,,,,,,,,,,,,,,,,,,,,,,,,,,,,,,,,,,,,,,,,,